日期,股票代號,開盤價,收盤價,收盤-開盤,最高價,最低價,日振幅,漲跌幅(%),成交量,量增率(%),5日均量,5日最大量_日期,5日最大量,10日均量,10日最大量_日期,10日最大量,20日均量,20日最大量_日期,20日最大量,實體(%),上影(%),下影(%),K線型態,跳空缺口,5日平均,10日平均,20日平均,5日上升幅度,10日上升幅度,20日上升幅度,5日扣抵值,5日扣抵影響(%),10日扣抵值,10日扣抵影響(%),20日扣抵值,20日扣抵影響(%),均線得分,均線方向,均線排列,均線距離(%),均線狀態,趨勢強度說明,趨勢等級,5日乖離,10日乖離,20日乖離,總成交金額(億),法人總買超(億),買超-外資(億),買超-投信(億),買超-自營商(億),買超-融資(億),資金走向,資金走向判讀
2025-08-15,TAIEX,24266.23,24334.48,68.25,24385.56,24164.43,221.13000000000102,,7913302231,,,,,,,,,,,0.30864197530864057,0.23099534210646006,0.4603626825848994,🟥 中實體K,,,,,,,,,,,,,,0,糾結,糾結,,正常,❓ 趨勢不明,0.0,,,,4542.17776031,45.92053654,53.73846115,-33.56859132,25.750666709999997,,,
2025-08-18,TAIEX,24272.55,24482.52,209.97000000000116,24515.65,24257.3,258.3500000000022,0.006083548939611649,8459665044,0.06904359230204157,,,,,,,,,,0.8127346622798506,0.12823688794271623,0.05902844977743322,🟥 長紅K,,,,,,,,,,,,,,0,糾結,糾結,,正常,❓ 趨勢不明,0.0,,,,4578.68280041,63.78491052,46.38950093,17.31672993,0.0786796600000006,15.696100000000115,130.48898948000107,偏重大型股(多)
2025-08-19,TAIEX,24493.92,24353.5,-140.41999999999825,24551.42,24324.29,227.12999999999738,-0.005269882348712487,8279842992,-0.021256403304943904,,,,,,,,,,0.6182362523664856,0.2531589838418556,0.1286047637916588,🟩 長黑K,,,,,,,,,,,,,,0,糾結,糾結,,正常,❓ 趨勢不明,0.0,,,,4778.89208524,-187.59116621,-110.07665546,-16.42414216,-61.09036859,3.0321399999997993,44.13902621000196,偏重大型股(多)
2025-08-20,TAIEX,24309.27,23625.44,-683.8300000000017,24309.27,23620.24,689.0299999999988,-0.02989549756708487,8611743600,0.04008537460440772,,,,,,,,,,0.992453158788446,0.0,0.007546841211554066,🟩 長黑K,-44.22999999999956,,,,,,,,,,,,,0,糾結,糾結,,正常,❓ 趨勢不明,0.0,,,,5722.37896405,-690.28137637,-626.68571933,-27.34736666,-36.24829038,-12.57739999999967,19.0287763699979,偏重大型股(多)
2025-08-21,TAIEX,23739.83,23962.13,222.29999999999927,24011.5,23739.83,271.66999999999825,0.014251163152940319,6990398614,-0.18827139558590666,8050990496.2,2025-08-20,8611743600.0,,,,,,,0.8182721684396537,0.18172783156034636,0.0,🟥 長紅K,,24151.614,,,,,,24334.48,-0.015539102742535765,,,,,0,糾結,糾結,0.0,糾結,🤝 盤整區間,0.0,-0.007845604024642011,,,4206.7385506,-60.683256,-100.78910548,16.04056355,24.06528593,27.67744999999968,255.3058059999996,偏重大型股(多)
2025-08-22,TAIEX,24033.02,23764.47,-268.5499999999993,24071.65,23764.47,307.1800000000003,-0.008248849330172227,6571719689,-0.059893426415124885,7782673987.8,2025-08-20,8611743600.0,,,,,,,0.8742431147861157,0.1257568852138843,0.0,🟩 長黑K,,24037.612,,,-114.00200000000041,,,24482.52,-0.030215275156567734,,,,,-1,糾結,糾結,0.0,糾結,🤝 盤整區間,0.0,-0.011363108781354813,,,3697.32364563,-185.88523469,-163.97993687,-11.63084639,-10.27445143,-1.6186999999999898,-81.04606530999928,偏重小型股(空)
2025-08-25,TAIEX,24108.81,24277.38,168.5699999999997,24362.02,24108.75,253.27000000000044,0.021583060762558552,7201907890,0.09589395634978673,7531122557.0,2025-08-20,8611743600.0,,,,,,,0.6655742883089171,0.334188810360482,0.0002369013306009775,🟥 長紅K,75.79000000000087,23996.584,,,-41.028000000002066,,,24353.5,-0.0031354289466161084,,,,,-1,糾結,糾結,0.0,糾結,🤝 盤整區間,0.0,0.011701498846669264,,,4318.2564454,330.8039809,241.14791914,32.3160625,57.33999926,23.89399000000003,-186.12797090000032,偏重小型股(空)
2025-08-26,TAIEX,24237.36,24305.1,67.73999999999796,24382.42,24113.03,269.3899999999994,0.0011418036048369933,8259451660,0.14684216823550628,7527044290.6,2025-08-20,8611743600.0,,,,,,,0.2514569954341219,0.2870188202977092,0.4615241842681689,🟥 中實體K,,23986.904000000002,,,-9.679999999996653,,,23625.44,0.027963678404943813,,,,,-1,糾結,糾結,0.0,糾結,🤝 盤整區間,0.0,0.013265405156080011,,,5320.63118603,-136.09501837,-145.08100864,-24.25226828,33.23825855,13.26854000000003,190.56647836999792,偏重大型股(多)
2025-08-27,TAIEX,24449.81,24519.9,70.09000000000015,24539.88,24410.08,129.79999999999927,0.0088376513571227,7675360712,-0.07071788443641064,7339767713.0,2025-08-26,8259451660.0,,,,,,,0.5399845916795111,0.1539291217257294,0.3060862865947595,🟥 中實體K,144.71000000000276,24165.796,,,178.8919999999962,,,23962.13,0.022747645789746303,,,,,1,糾結,糾結,0.0,糾結,🤝 盤整區間,0.0,0.014653107226428751,,,4673.02614203,74.69544072,-19.47570889,-16.47591422,110.64706383000001,30.44995000000017,-35.05539072000002,偏重小型股(空)
2025-08-28,TAIEX,24468.12,24236.45,-231.66999999999825,24502.37,24236.45,265.91999999999825,-0.011559998205539204,7619400963,-0.007290829851489591,7465568182.8,2025-08-26,8259451660.0,7758279339.5,2025-08-20,8611743600.0,,,,0.8712018652226226,0.1287981347773775,0.0,🟩 長黑K,,24220.660000000003,24186.137,,54.864000000005035,,,23764.47,0.019473974117496563,24334.48,-0.0040447342742026505,,,1,糾結,糾結,0.14263699372633426,糾結,🤝 盤整區間,0.0,0.0006519227799736768,0.0020802412555589976,,4491.97099212,-136.2945374,-95.20531049,-27.60035692,-13.488869990000001,19.263590000000022,-114.63905259999828,偏重小型股(空)
2025-08-29,TAIEX,24438.03,24233.1,-204.9300000000003,24570.15,24233.1,337.0500000000029,-0.00013822156297651605,7716714041,0.01277174917983116,7694567053.2,2025-08-26,8259451660.0,7738620520.5,2025-08-20,8611743600.0,,,,0.6080106809078728,0.3919893190921272,0.0,🟩 長黑K,,24314.386000000002,24175.999,,93.72599999999875,-10.13799999999901,,24277.38,-0.0018272528071110372,24482.52,-0.01029253376579975,,,0,糾結,糾結,0.5707811971383706,正常,❓ 趨勢不明,0.0,-0.0033431236963994766,0.002361887920329528,,4783.48167874,-86.36365019,-86.35002338,-3.35109173,3.3374649200000004,20.950329999999667,-139.51667980999997,偏重小型股(空)
2025-09-01,TAIEX,24143.37,24071.73,-71.63999999999942,24312.83,23885.41,427.4200000000019,-0.006659073746239605,7882519521,0.02148653936365296,7830689379.4,2025-08-26,8259451660.0,7680905968.2,2025-08-20,8611743600.0,,,,0.16761031304103483,0.3964718543821113,0.4359178325768539,🟩 中實體K,,24273.256,24134.920000000002,,-41.13000000000102,-41.078999999997905,,24305.1,-0.009694774741989836,24353.5,-0.0117054320566075,,,-2,下彎,糾結,0.5715398159186965,正常,❓ 趨勢不明,0.0,-0.008302388439359007,-0.0026181980300743622,,5225.38354934,-215.93857824,-76.66900296,-30.59842787,-108.67114740999999,-31.80284999999958,176.10142824000016,偏重大型股(多)
2025-09-02,TAIEX,24113.9,24016.78,-97.12000000000262,24295.03,23890.33,404.6999999999971,-0.002282760732195016,6868073676,-0.1286956337117075,7552413782.6,2025-09-01,7882519521.0,7539729036.6,2025-08-20,8611743600.0,,,,0.2399802322708261,0.44756609834444944,0.31245366938472446,🟩 中實體K,,24215.591999999997,24101.248,,-57.66400000000431,-33.6720000000023,,24519.9,-0.020948686709875455,23625.44,0.01629444080347158,,,-2,下彎,糾結,0.4733090988566195,糾結,🤝 盤整區間,0.0,-0.008210082165242877,-0.0035047147765958327,,4202.49878093,10.96898955,77.8623953,-61.0268347,-5.86657105,-1.3441000000002532,-106.74488955000237,偏重小型股(空)
2025-09-03,TAIEX,24036.88,24100.3,63.419999999998254,24103.23,23925.49,177.73999999999796,0.0034775685999538838,6215237843,-0.09505370265337847,7260389208.8,2025-09-01,7882519521.0,7300078460.9,2025-08-26,8259451660.0,,,,0.35681332283109585,0.016484753010016454,0.6267019241588877,🟥 中實體K,,24131.672,24148.734,,-83.91999999999825,47.486000000000786,,24236.45,-0.005649307270034044,23962.13,0.005733123654062326,,,0,糾結,糾結,0.07067877598213121,糾結,🤝 盤整區間,0.0,-0.0013000342454513468,-0.0020056537953501456,,3751.54827165,99.82870499,81.99762036,-6.37699825,24.20808288,20.203939999999875,-56.61264499000163,偏重小型股(空)
2025-09-04,TAIEX,24235.27,24179.85,-55.42000000000189,24389.35,24168.16,221.1899999999987,0.003300788786861544,7455297262,0.1995192220031667,7227568468.6,2025-09-01,7882519521.0,7346568325.7,2025-08-26,8259451660.0,,,,0.25055382250554825,0.6965956869659524,0.0528504905284993,🟩 流星線,79.54999999999927,24120.352000000003,24170.506,,-11.319999999996071,21.772000000000844,,24233.1,-0.002202246912201689,23764.47,0.01717876661765881,,,0,糾結,糾結,0.20771633421795332,糾結,🤝 盤整區間,0.0,0.00246671358693256,0.00038658685920755327,,4505.47881333,116.33833868,118.08136125,-15.45453579,13.71151322,5.087550000000192,-176.84588868000208,偏重小型股(空)
2025-09-05,TAIEX,24244.26,24494.58,250.32000000000335,24494.58,24244.26,250.32000000000335,0.013016209777976424,6973379276,-0.06464101551743062,7078901515.6,2025-09-01,7882519521.0,7386734284.4,2025-08-26,8259451660.0,,,,1.0,0.0,0.0,🟥 長紅K,,24172.647999999997,24243.517,,52.29599999999482,73.0109999999986,,24071.73,0.01726300267242803,24277.38,0.008867267779239355,,,2,上揚,糾結,0.29274933278999865,糾結,🤝 盤整區間,0.0,0.013318027880106656,0.010355881945676526,,4265.69974111,330.24810722,282.81116909,-4.33975608,51.77669421,29.403260000000046,-109.33136721999671,偏重小型股(空)
2025-09-08,TAIEX,24610.85,24547.38,-63.469999999997526,24729.96,24547.38,182.5799999999981,0.0021555789076603588,7768998687,0.11409381011846745,7056197348.8,2025-09-08,7768998687.0,7443443364.1,2025-08-26,8259451660.0,,,,0.3476284368495902,0.6523715631504098,0.0,🟩 中實體K,52.79999999999927,24267.778,24270.517,,95.13000000000102,27.0,,24016.78,0.021615341433586892,24305.1,0.009869892428438491,,,2,上揚,糾結,0.011285934126863736,糾結,🤝 盤整區間,0.0,0.01152153279134178,0.011407379579100074,,4431.85374596,159.96611405,146.18525216,-12.20126071,25.9821226,20.284589999999753,-243.72070404999727,偏重小型股(空)
2025-09-09,TAIEX,24650.46,24855.18,204.72000000000116,24880.07,24650.46,229.61000000000058,0.01253901638382586,8091742979,0.04154258547373082,7300931209.4,2025-09-09,8091742979.0,7426672496.0,2025-09-09,8091742979.0,,,,0.8915987979617641,0.10840120203823594,0.0,🟥 長紅K,,24435.458000000002,24325.525,,167.68000000000393,55.00800000000163,,24100.3,0.030371133904481925,24519.9,0.01348934105486256,,,2,上揚,糾結,0.4509055939253763,糾結,🤝 盤整區間,0.0,0.017176760100015228,0.021773630784947037,,5125.34389842,385.26893843,356.53694959,-17.82067231,46.55266115,10.265940000000228,-190.81487842999906,偏重小型股(空)
2025-09-10,TAIEX,25032.88,25192.59,159.70999999999913,25272.23,25032.88,239.34999999999854,0.013575037477097323,8693632992,0.07438323418848669,7796610239.2,2025-09-10,8693632992.0,7528499724.0,2025-09-10,8693632992.0,,,,0.6672655107583042,0.33273448924169585,0.0,🟥 長紅K,177.70000000000073,24653.916,24392.794,,218.45799999999872,67.26900000000023,,24179.85,0.04019991592765974,24236.45,0.03795322354708267,,,2,上揚,糾結,1.06478905516802,正常,❓ 趨勢不明,0.0,0.021849429518620858,0.03278820786171516,,5404.70187649,576.74044343,489.47944283,-27.2738524,114.534853,24.260310000000118,-441.290753430001,偏重小型股(空)
2025-09-11,TAIEX,25509.3,25215.71,-293.59000000000015,25541.44,25174.13,367.3099999999977,0.0009177301738328207,9553641157,0.09892390969246014,8216279018.2,2025-09-11,9553641157.0,7721923743.4,2025-09-11,9553641157.0,7740101541.45,2025-09-11,9553641157.0,0.7992975960360513,0.08750102093599309,0.1132013830279556,🟩 長黑K,,24861.088,24490.72,24338.4285,207.17199999999866,97.92599999999948,,24494.58,0.0285984412098647,24233.1,0.03896816706727673,24334.48,0.03494765763089755,2,上揚,多頭排列,2.1277968079258285,發散,🚀 強勢多頭,3.0,0.014264138399735338,0.02960264132700051,0.036045116881724605,6094.94103234,285.01291028,329.99661731,-62.71656501,17.73285798,-41.08273000000008,-537.5201802800001,偏重小型股(空)
2025-09-12,TAIEX,25349.7,25474.64,124.93999999999869,25492.28,25349.7,142.5799999999981,0.01026859842534675,7830621434,-0.1803521500006869,8387727449.8,2025-09-11,9553641157.0,7733314482.7,2025-09-11,9553641157.0,7735967501.6,2025-09-11,9553641157.0,0.8762799831673471,0.12372001683265291,0.0,🟥 長紅K,,25057.1,24614.874,24395.436500000003,196.0119999999988,124.15399999999863,57.00800000000163,24547.38,0.03639933675215816,24071.73,0.055070846928553255,24482.52,0.03894539824704094,3,上揚,多頭排列,2.6799782611543916,發散,🚀 強勢多頭,3.0,0.01666354047355843,0.034928718302600276,0.0442379254005148,4950.51339127,256.70421666,265.38500007,-58.10072034,49.41993693,-2.3989999999998872,-129.3652166600014,偏重小型股(空)
2025-09-15,TAIEX,25494.1,25357.16,-136.9399999999987,25519.94,25284.17,235.77000000000044,-0.004611645149843121,6958333955,-0.11139441311932026,8225594503.4,2025-09-11,9553641157.0,7640895926.1,2025-09-11,9553641157.0,7660900947.15,2025-09-11,9553641157.0,0.5808202909615237,0.10959833736268439,0.3095813716757919,🟩 中實體K,,25219.056,24743.416999999998,24439.1685,161.95600000000195,128.54299999999785,43.73199999999633,24855.18,0.01979638098272833,24016.78,0.05286002060167625,24353.5,0.039580930987539606,3,上揚,多頭排列,3.1446382805949273,發散,🚀 強勢多頭,3.0,0.005476176427856751,0.02480429441091351,0.03756230495321476,4078.91369036,-47.03837224,25.46248589,-82.46829092,9.96743279,-14.042320000000018,-75.85930775999867,偏重小型股(空)
2025-09-16,TAIEX,25335.46,25629.64,294.1800000000003,25664.81,25335.46,329.3500000000022,0.010745682876158038,7560459055,0.08653294077202708,8119337718.6,2025-09-11,9553641157.0,7710134464.0,2025-09-11,9553641157.0,7624931750.3,2025-09-11,9553641157.0,0.8932139061788321,0.10678609382116794,0.0,🟥 長紅K,,25373.947999999997,24904.703,24502.9755,154.8919999999962,161.2860000000037,63.8070000000007,25192.59,0.017052522001869682,24100.3,0.059670756202584205,23625.44,0.07819852327227385,3,上揚,多頭排列,3.4940634782796396,發散,🚀 強勢多頭,3.0,0.010076949791179629,0.029108437872156036,0.04598072181070413,4551.07630117,235.9128667,270.03531062,-45.13790695,11.015463030000001,16.460249999999633,41.80688330000066,偏重大型股(多)
2025-09-17,TAIEX,25543.91,25438.25,-105.65999999999985,25632.07,25422.96,209.11000000000058,-0.007467525880191818,7849906030,0.038284312221567876,7950592326.2,2025-09-11,9553641157.0,7873601282.7,2025-09-11,9553641157.0,7586839871.8,2025-09-11,9553641157.0,0.5052843001291165,0.4215962890344776,0.07311941083640587,🟩 中實體K,,25423.079999999998,25038.498,24593.616,49.132000000001426,133.79499999999825,90.64050000000134,25215.71,0.008748243295038018,24179.85,0.04946881173036673,23962.13,0.05802757658250858,3,上揚,多頭排列,3.3154161189697136,發散,🚀 強勢多頭,3.0,0.0005967018944990888,0.015965494415839176,0.034343628037454846,4396.87060953,-116.34659183,-57.34012058,-53.14277279,-5.86369846,-9.874599999999646,20.561191829999785,偏重大型股(多)
2025-09-18,TAIEX,25543.17,25769.36,226.19000000000233,25769.36,25475.25,294.1100000000006,0.013016225565831006,8339290249,0.06234268501173383,7707722144.6,2025-09-18,8339290249.0,7962000581.4,2025-09-11,9553641157.0,7654284453.55,2025-09-11,9553641157.0,0.769065995715895,0.0,0.230934004284105,🟥 長紅K,,25533.81,25197.449,24683.9775,110.7300000000032,158.95100000000093,90.36149999999907,25474.64,0.01143683816749819,24494.58,0.049468826544392205,23764.47,0.07780131132476706,3,上揚,多頭排列,3.380613279652052,發散,🚀 強勢多頭,3.0,0.009225023605956152,0.022697178591372484,0.043971134716842115,4673.74300986,172.28408262,121.53720716,-49.87795065,100.62482610999999,19.393529999999828,34.51238738000251,偏重大型股(多)
2025-09-19,TAIEX,25794.66,25578.37,-216.29000000000087,25864.01,25578.37,285.6399999999994,-0.007411515070611051,9787714693,0.17368677678219518,8099140796.4,2025-09-19,9787714693.0,8243434123.1,2025-09-19,9787714693.0,7815084203.75,2025-09-19,9787714693.0,0.7572118750875274,0.24278812491247265,0.0,🟩 長黑K,,25554.556,25305.828,24774.6725,20.745999999999185,108.37900000000081,90.69499999999971,25357.16,0.008648322782100624,24547.38,0.040307103228235344,24277.38,0.050862897049342784,3,上揚,多頭排列,3.093341379337767,發散,🚀 強勢多頭,3.0,0.0009318886229132092,0.01076993015205816,0.03244028755576883,6196.94769912,-122.67657124,-157.45036443,-19.37327805,54.14707124,20.261959999999817,-113.87538876000069,偏重小型股(空)
2025-09-22,TAIEX,25599.6,25880.6,281.0,25887.69,25599.6,288.09000000000015,0.01181584283908629,7847993700,-0.19817915150175497,8277072745.4,2025-09-19,9787714693.0,8251333624.4,2025-09-19,9787714693.0,7847388494.25,2025-09-19,9787714693.0,0.9753896351834491,0.024610364816550875,0.0,🟥 長紅K,,25659.244,25439.15,24854.8335,104.68799999999828,133.32200000000012,80.16100000000006,25629.64,0.009696838558611436,24855.18,0.03962118343469619,24305.1,0.06087571385516565,3,上揚,多頭排列,3.177259978846842,發散,🚀 強勢多頭,3.0,0.00862675455286211,0.017353174143003875,0.041270302615384565,4820.61403631,-41.51157011,-66.50808558,-52.64117265,77.63768812,36.23610000000008,286.2754701099999,偏重大型股(多)
2025-09-23,TAIEX,26121.0,26247.37,126.36999999999898,26307.3,26041.69,265.6100000000006,0.014171618896007066,8950246446,0.14045025877123218,8555030223.6,2025-09-19,9787714693.0,8337183971.1,2025-09-19,9787714693.0,7881928233.55,2025-09-19,9787714693.0,0.475772749519968,0.2256315650766167,0.2985956854034153,🟥 中實體K,240.40000000000146,25782.79,25578.369,24951.947,123.5460000000021,139.21899999999732,97.11349999999948,25438.25,0.03082670759013185,25192.59,0.040186121504745,24519.9,0.06581497498606517,3,上揚,多頭排列,3.26618733091535,發散,🚀 強勢多頭,3.0,0.018018996392554804,0.026154951474818437,0.051916710146907526,5470.0484744,122.74599104,106.38719207,-15.69628564,32.05508461,3.429239999999936,0.19476895999903832,偏重大型股(多)
2025-09-24,TAIEX,26389.16,26196.73,-192.4300000000003,26394.03,26045.47,348.5599999999977,-0.0019293361582512617,7897848080,-0.1175831718544837,8564618633.6,2025-09-19,9787714693.0,8257605479.9,2025-09-19,9787714693.0,7893052601.95,2025-09-19,9787714693.0,0.5520713793894927,0.013971769566212457,0.4339568510442948,🟩 中實體K,,25934.485999999997,25678.783,25035.788500000002,151.69599999999627,100.41400000000067,83.84150000000227,25769.36,0.0163138681812577,25215.71,0.03744818532694731,24236.45,0.07482918669620212,3,上揚,多頭排列,3.5174502961109266,發散,🚀 強勢多頭,3.0,0.010111787062215247,0.020170231587688565,0.0463712776611768,5151.87636594,-145.65959202,-129.50186461,-85.66887088,69.51114347000001,18.49413000000004,-65.26453798000034,偏重小型股(空)
2025-09-25,TAIEX,26067.97,26023.85,-44.12000000000262,26247.85,26023.85,224.0,-0.006599296935151869,8846470892,0.1201115547413771,8666054762.2,2025-09-19,9787714693.0,8186888453.4,2025-09-19,9787714693.0,7954406098.4,2025-09-19,9787714693.0,0.19696428571429742,0.8030357142857026,0.0,🟩 流星線,,25985.384,25759.596999999998,25125.158499999998,50.89800000000105,80.81399999999849,89.36999999999534,25578.37,0.01711814354909053,25474.64,0.021104102582823032,24233.1,0.06881187833468146,3,上揚,多頭排列,3.3571898227139316,發散,🚀 強勢多頭,3.0,0.0014802936912535274,0.010258429120610878,0.03576859027575889,5032.04151623,53.82828825,1.06720086,-17.41264243,70.17372982,6.144790000000285,-104.0930782500029,偏重小型股(空)
2025-09-26,TAIEX,25998.28,25580.32,-417.9599999999991,25998.28,25469.04,529.239999999998,-0.017043212284116257,8334201118,-0.05790668168741203,8375352047.2,2025-09-23,8950246446.0,8237246421.8,2025-09-19,9787714693.0,7985280452.25,2025-09-19,9787714693.0,0.7897362255309515,0.0,0.21026377446904856,🟩 長黑K,-25.56999999999971,25985.773999999998,25770.165,25192.5195,0.3899999999994179,10.56800000000294,67.36100000000079,25880.6,-0.01173871163456903,25357.16,0.008723893993507504,24071.73,0.05897463362459892,3,上揚,多頭排列,3.092672090370722,發散,🚀 強勢多頭,3.0,-0.015602921814066341,-0.007366852327100007,0.015393478210863397,5000.52396638,-353.35558189,-251.57852509,-56.52013477,-45.25692203,-37.177540000000135,-27.426878109998995,偏重小型股(空)
2025-09-30,TAIEX,25738.31,25820.54,82.22999999999956,25975.84,25738.31,237.52999999999884,0.009390812937445706,6699602406,-0.19613142145917675,8145673788.4,2025-09-23,8950246446.0,8211373266.9,2025-09-19,9787714693.0,7926134596.5,2025-09-19,9787714693.0,0.34618784995579494,0.6538121500442051,0.0,🟥 中實體K,,25973.762,25816.503,25279.96,-12.011999999998807,46.33799999999974,87.44050000000061,26247.37,-0.01653063801144353,25629.64,0.007393338791520296,24016.78,0.06985756300991389,1,糾結,多頭排列,2.70066163683835,發散,❓ 趨勢不明,0.0,-0.00589910695262388,0.00015637284414547786,0.021383736366671537,4552.96213373,132.42429356,65.50967708,6.96563422,59.94898226,38.82308000000012,-89.01737356000055,偏重小型股(空)
2025-10-01,TAIEX,26078.29,25982.91,-95.38000000000102,26325.79,25982.91,342.880000000001,0.006288404502771784,7679791251,0.14630552465653288,7891582749.4,2025-09-25,8846470892.0,8223306486.5,2025-09-19,9787714693.0,7966720475.25,2025-09-19,9787714693.0,0.2781731217918827,0.7218268782081173,0.0,🟩 流星線,162.36999999999898,25920.870000000003,25851.829999999998,25378.2665,-52.89199999999619,35.3269999999975,98.30650000000242,26196.73,-0.008229255306661175,25438.25,0.020962240180179968,24100.3,0.07245570261375653,1,糾結,多頭排列,2.109902926491534,發散,❓ 趨勢不明,0.0,0.0023934381832090216,0.005070434085324008,0.023825248269025715,4688.40061902,165.95101819,126.64964009,6.33133899,32.97003911,8.075309999999718,-269.40632819000075,偏重小型股(空)
2025-10-02,TAIEX,26392.31,26378.39,-13.920000000001892,26489.79,26330.25,159.54000000000087,0.015220773962577693,8085314896,0.05280399320062196,7929076112.6,2025-09-25,8846470892.0,8246847373.1,2025-09-19,9787714693.0,8060224327.9,2025-09-19,9787714693.0,0.08725084618278686,0.6110066441017866,0.30174250971542654,🟩 流星線,300.09999999999854,25957.201999999997,25945.843999999997,25492.171000000002,36.33199999999488,94.01399999999921,113.90450000000055,26023.85,0.01344054735713593,25769.36,0.023088217286953407,24179.85,0.08334625426343309,3,上揚,多頭排列,1.8025571270121072,正常,🌤️ 穩定多頭,2.0,0.016226248114107288,0.01667110925356686,0.034764359614565477,5066.83446386,324.6998802,234.09818512,2.37157488,88.2301202,27.477560000000267,-366.09744020000215,偏重小型股(空)
2025-10-03,TAIEX,26435.1,26761.06,325.96000000000276,26761.06,26410.03,351.0300000000025,0.014506950575831273,7784825692,-0.03716481149653914,7716747072.6,2025-09-26,8334201118.0,8191400917.4,2025-09-19,9787714693.0,8076700749.4,2025-09-19,9787714693.0,0.9285816027120203,0.0,0.07141839728797975,🟥 長紅K,,26104.644,26045.014000000003,25621.2315,147.44200000000274,99.17000000000553,129.0604999999996,25580.32,0.04412157067022015,25578.37,0.04419443773901341,24494.58,0.0846932072197439,3,上揚,多頭排列,1.8647562208993322,正常,🌤️ 穩定多頭,2.0,0.02514556413793657,0.02749263256299261,0.044487654701531404,4800.9557607,213.20756058,169.59990133,-16.89575342,60.50341267,28.948829999999816,83.80360942000294,偏重大型股(多)
2025-10-07,TAIEX,27029.28,27211.95,182.6700000000019,27301.42,27017.08,284.3399999999965,0.01684873469137618,9348656371,0.20088191320803178,7919638123.2,2025-10-07,9348656371.0,8147495085.2,2025-10-07,9348656371.0,8195464604.15,2025-09-19,9787714693.0,0.6424351128930299,0.3146585074206887,0.04290637968628135,🟥 長紅K,268.2199999999975,26430.97,26208.372,25757.1,326.32600000000093,163.35799999999654,135.86849999999686,25820.54,0.051132315030712604,25880.6,0.04892519646699344,24547.38,0.0979191127427472,3,上揚,多頭排列,2.5787012119759303,發散,🚀 強勢多頭,3.0,0.02954791292184886,0.038292267829531774,0.056483455047346254,5757.80610445,53.32127226,6.76562801,-67.12400915,113.6796534,13.465509999999995,115.8832177400019,偏重大型股(多)
2025-10-08,TAIEX,26999.82,27063.68,63.86000000000058,27110.43,26883.99,226.4399999999987,-0.0054487091149293026,8261189883,-0.11632329233678708,8231955618.6,2025-10-07,9348656371.0,8188814703.5,2025-10-07,9348656371.0,8220074163.95,2025-09-19,9787714693.0,0.2820173114290803,0.20645645645645766,0.511526232114462,🟥 錘子線,,26679.597999999998,26326.68,25882.915,248.62799999999697,118.3080000000009,125.81500000000233,25982.91,0.039934332655426036,26247.37,0.030162564736207393,24855.18,0.08160383214699553,3,上揚,多頭排列,3.029627898462584,發散,🚀 強勢多頭,3.0,0.014396093974129677,0.027994414791382732,0.04561947524071378,4712.75287964,-153.14718837,-140.94387269,-43.46217344,31.25885776,3.626560000000154,213.38062837000044,偏重大型股(多)
2025-10-09,TAIEX,27301.61,27301.92,0.3099999999976717,27463.12,27253.07,210.04999999999927,0.00880294180244512,9444331803,0.14321688966799892,8584863729.0,2025-10-09,9444331803.0,8238223239.2,2025-10-09,9444331803.0,8287703605.15,2025-09-19,9787714693.0,0.0014758390859208415,0.767436324684605,0.23108783622947413,⬜ 十字線,237.9300000000003,26943.4,26432.135,26005.252,263.8020000000033,105.45499999999811,122.33699999999953,26378.39,0.03382655871821465,26196.73,0.040480303216770055,25192.59,0.07725940153659516,3,上揚,多頭排列,3.5454977285624576,發散,🚀 強勢多頭,3.0,0.013306412702182975,0.0329063467631351,0.049861774075482826,5826.70484489,81.13042293,44.51256397,-23.71509167,60.33295063,20.235709999999926,-101.05613293000225,偏重小型股(空)
2025-10-13,TAIEX,26762.6,26923.42,160.8199999999997,26965.72,26470.44,495.2800000000025,-0.013863493849516812,10191083804,0.07906880196254791,9006017510.6,2025-10-13,10191083804.0,8467546811.6,2025-10-13,10191083804.0,8362576145.75,2025-10-13,10191083804.0,0.3247052172508458,0.08540623485705601,0.5898885478920982,🟥 中實體K,-378.1900000000023,27052.406,26504.803999999996,26091.7935,109.00599999999758,72.66899999999805,86.54149999999936,26761.06,0.006030437440711357,26023.85,0.033412174233436905,25215.71,0.06342842031212971,3,上揚,多頭排列,3.6181714439151746,發散,🚀 強勢多頭,3.0,-0.004768004738654329,0.015793967010659722,0.03187310600170121,6084.60235868,-678.4741291,-563.12754939,-7.27586554,-108.07071417,-24.458959999999934,863.7530890999997,偏重大型股(多)
2025-10-14,TAIEX,27282.1,26793.15,-488.9499999999971,27507.16,26764.06,743.0999999999985,-0.004838538343196994,12066540173,0.18402913812404167,9862360406.8,2025-10-14,12066540173.0,8789553739.7,2025-10-14,12066540173.0,8488221096.55,2025-10-14,12066540173.0,0.6579868120037654,0.30286637060961075,0.03914681738662388,🟩 長黑K,,27058.824,26581.734000000004,26170.6655,6.418000000001484,76.93000000000757,78.87199999999939,27211.95,-0.01563086087302162,25580.32,0.04526642070827811,25474.64,0.049210712439560184,3,上揚,多頭排列,3.338472188689105,發散,🚀 強勢多頭,3.0,-0.009818386785767151,0.007953431480429284,0.02378558160853809,7090.8635379,-244.73110254,-163.48769283,-18.75833093,-62.485078779999995,-78.21667000000025,-166.00222745999685,偏重小型股(空)
2025-10-15,TAIEX,26911.05,27275.71,364.65999999999985,27275.71,26773.15,502.5599999999977,0.018010573598102413,8387861014,-0.3048661096103906,9670201335.4,2025-10-14,12066540173.0,8794919729.3,2025-10-14,12066540173.0,8516083075.55,2025-10-14,12066540173.0,0.7256049028971696,0.0,0.27439509710283044,🟥 長紅K,,27071.576,26751.272999999997,26260.719,12.752000000000407,169.5389999999934,90.0535000000018,27063.68,0.007773583162454757,25820.54,0.05335039857807545,25357.16,0.07033914057599232,3,上揚,多頭排列,3.037540734948273,發散,🚀 強勢多頭,3.0,0.0075405288558005705,0.01960418855581197,0.03865054113712569,5214.29411299,-129.60138277,-151.00216875,-10.3720155,31.772801480000002,49.063460000000305,445.19792276999954,偏重大型股(多)
2025-10-16,TAIEX,27337.32,27647.87,310.5499999999993,27732.78,27337.32,395.4599999999991,0.013644374426916838,9035460141,0.07720670692076397,9825055387.0,2025-10-14,12066540173.0,9028505502.8,2025-10-14,12066540173.0,8619939384.85,2025-10-14,12066540173.0,0.7852880190158296,0.21471198098417044,0.0,🟥 長紅K,61.61000000000058,27188.414,26934.006,26375.2545,116.83799999999974,182.7330000000038,114.53549999999814,27301.92,0.012512717977912972,25982.91,0.060220190560791816,25629.64,0.07299766672803365,3,上揚,多頭排列,3.030495620093975,發散,🚀 強勢多頭,3.0,0.01689896291854311,0.026504189536454316,0.04825035906288601,5654.81652363,237.70707584,129.59197265,2.00305686,106.11204633,50.29003999999986,22.552884159999394,偏重大型股(多)
2025-10-17,TAIEX,27399.91,27302.37,-97.54000000000087,27513.09,27302.37,210.72000000000116,-0.0124964418597165,8962849575,-0.008036177999448717,9728758941.4,2025-10-14,12066540173.0,9156811335.2,2025-10-14,12066540173.0,8690058910.85,2025-10-14,12066540173.0,0.46288914198937137,0.5371108580106286,0.0,🟩 中實體K,,27188.503999999997,27065.952,26458.890999999996,0.08999999999650754,131.9459999999999,83.63649999999689,26923.42,0.01387974743584534,26378.39,0.03384248327159875,25438.25,0.06827685655128105,3,上揚,多頭排列,2.711867468462191,發散,🚀 強勢多頭,3.0,0.004188020054358335,0.008734885807822236,0.03187884934406371,5564.52817043,-316.16942472,-219.97157761,-57.64756289,-38.550284219999995,-0.8180600000000595,219.44748471999918,偏重大型股(多)
2025-10-20,TAIEX,27480.44,27688.63,208.19000000000233,27768.27,27412.45,355.8199999999997,0.014147489760046547,8045886081,-0.10230713863118694,9299719396.8,2025-10-14,12066540173.0,9152868453.7,2025-10-14,12066540173.0,8699857913.4,2025-10-14,12066540173.0,0.5850992074644553,0.2238210331066255,0.19107975942891917,🟥 中實體K,,27341.545999999995,27196.976000000002,26571.409999999996,153.04199999999764,131.02400000000125,112.51900000000023,26793.15,0.032341072851925126,26761.06,0.0335000323237372,25769.36,0.06931617779572338,3,上揚,多頭排列,2.8484896276327736,發散,🚀 強勢多頭,3.0,0.012694380924912083,0.01807752450125332,0.042045943365444476,4989.61206376,171.03708968,142.22590437,-29.92595188,58.73713719,43.25784999999996,-6.104939679997642,偏重小型股(空)
2025-10-21,TAIEX,27742.55,27752.41,9.860000000000582,27969.05,27742.55,226.5,0.0023034725806224013,8507303277,0.05734821390146401,8587872017.6,2025-10-16,9035460141.0,9225116212.2,2025-10-14,12066540173.0,8708258564.8,2025-10-14,12066540173.0,0.04353200883002464,0.9564679911699754,0.0,⬜ 十字線,,27533.397999999997,27296.110999999997,26670.5625,191.8520000000026,99.13499999999476,99.15250000000378,27275.71,0.017176886619936816,27211.95,0.019474344750600007,25578.37,0.07833698046403902,3,上揚,多頭排列,3.176078808716128,發散,🚀 強勢多頭,3.0,0.00795441231046028,0.016716630438673215,0.040563355197326637,5288.80140832,44.2489971,-2.40714297,-38.89235937,85.54849944,14.596140000000105,-48.98513709999952,偏重小型股(空)
2025-10-22,TAIEX,27614.11,27648.91,34.79999999999927,27725.83,27490.89,234.94000000000233,-0.0037294058425916886,7835590935,-0.07895714072119825,8477418001.8,2025-10-16,9035460141.0,9073809668.6,2025-10-14,12066540173.0,8610652376.9,2025-10-14,12066540173.0,0.14812292500212365,0.3274027411253985,0.5244743338724779,🟥 錘子線,-93.63999999999942,27608.038,27339.807,26774.089500000002,74.64000000000306,43.69600000000355,103.52700000000186,27647.87,3.761450270556319e-05,27063.68,0.021166476363806006,25880.6,0.06395586661463332,3,上揚,多頭排列,3.061412477943722,發散,🚀 強勢多頭,3.0,0.0014804384143487265,0.011305968619310266,0.03267414565115269,4631.57561102,-219.6318911,-224.07410493,-23.06397931,27.50619314,19.01247000000012,235.41942109999914,偏重大型股(多)
2025-10-23,TAIEX,27457.07,27532.26,75.18999999999869,27586.85,27371.67,215.1800000000003,-0.004218972827500305,7318554768,-0.06598559971916144,8134036927.2,2025-10-17,8962849575.0,8979546157.1,2025-10-14,12066540173.0,8584180430.3,2025-10-14,12066540173.0,0.3494283855376828,0.25369458128078853,0.39687703318152867,🟥 中實體K,,27584.915999999997,27386.665,26856.672500000004,-23.122000000003027,46.858000000000175,82.58300000000236,27302.37,0.008349841240784426,27301.92,0.008366185703607337,26247.37,0.04666852630332561,1,糾結,多頭排列,2.669897506733392,發散,❓ 趨勢不明,0.0,-0.001908869325540054,0.005316273449140212,0.02515529427556575,4345.61455546,-247.93401098,-239.42493081,-11.00436637,2.4952862,-2.965259999999944,326.0892709799987,偏重大型股(多)
2025-10-27,TAIEX,28029.88,27993.63,-36.25,28196.33,27993.63,202.70000000000073,0.01675743291687652,9337097751,0.2758116932903166,8208886562.4,2025-10-27,9337097751.0,8968822751.9,2025-10-14,12066540173.0,8603522995.55,2025-10-14,12066540173.0,0.17883571780957017,0.8211642821904298,0.0,🟩 流星線,461.3700000000026,27723.167999999998,27455.836,26943.9855,138.2520000000004,69.17099999999846,87.31299999999464,27688.63,0.010895335831758867,26923.42,0.03823048314920226,26196.73,0.0641896031347132,3,上揚,多頭排列,2.8463984497300805,發散,🚀 強勢多頭,3.0,0.009755811457045717,0.019587602431774494,0.038956541896892065,5642.93629882,511.61833886,326.39212655,-30.45273794,215.67895025,33.95424000000003,-581.82257886,偏重小型股(空)
2025-10-28,TAIEX,28041.01,27949.11,-91.89999999999782,28087.93,27885.62,202.3100000000013,-0.0015903618073111788,8579810711,-0.0811051849509549,8315671488.4,2025-10-27,9337097751.0,8807695442.6,2025-10-14,12066540173.0,8637621127.1,2025-10-14,12066540173.0,0.4542533735356494,0.23192130888241602,0.3138253175819346,🟩 中實體K,,27775.264000000003,27558.405,27031.604499999998,52.096000000005006,102.5689999999995,87.61899999999878,27752.41,0.007037791185479635,26793.15,0.041359456526522634,26023.85,0.06888448326261559,3,上揚,多頭排列,2.7086397036003476,發散,🚀 強勢多頭,3.0,0.0062590224164925205,0.014177344443555487,0.03394195486990064,5556.63566461,-239.60855496,-271.13846791,6.18383184,25.34608111,3.8905299999996714,143.8180249600025,偏重大型股(多)
2025-10-29,TAIEX,28157.91,28294.74,136.83000000000175,28395.31,28139.65,255.65999999999985,0.012366404511628492,9076231278,0.05785915141036262,8429457088.6,2025-10-27,9337097751.0,8508664553.1,2025-10-27,9337097751.0,8649109146.4,2025-10-14,12066540173.0,0.5352030039896809,0.39337401236016495,0.07142298365015415,🟥 中實體K,116.90000000000146,27883.73,27708.564000000002,27145.148999999998,108.46599999999671,150.1590000000033,113.54449999999997,27648.91,0.02282509045850931,27275.71,0.036014821129298324,25580.32,0.09593373185263415,3,上揚,多頭排列,2.6780414279904754,發散,🚀 強勢多頭,3.0,0.014740136990280785,0.021155047948352698,0.04234977675016645,5942.19629472,109.873539,71.88118436,-48.13902331,86.13137795,42.158820000000105,-15.202358999998353,偏重小型股(空)
2025-10-30,TAIEX,28350.24,28287.53,-62.710000000002765,28527.68,28116.6,411.08000000000175,-0.0002548176798939578,9446378341,0.04078202192766996,8751614569.8,2025-10-30,9446378341.0,8614516285.8,2025-10-30,9446378341.0,8704718007.55,2025-10-14,12066540173.0,0.15254938211540942,0.4316434757224821,0.4158071421621085,🟩 中實體K,,28011.453999999998,27809.746000000003,27280.509500000004,127.72399999999834,101.1820000000007,135.36050000000614,27532.26,0.02669975073822283,27647.87,0.022612790865798458,25820.54,0.08721121992623598,3,上揚,多頭排列,2.6387345256718002,發散,🚀 強勢多頭,3.0,0.00985582540627848,0.017180451773993043,0.036913551779522116,6335.58030252,-33.04304187,16.55522597,-54.3347896,4.7365217600000005,-21.967200000000048,-7.699758130002714,偏重小型股(空)
2025-10-31,TAIEX,28280.47,28233.35,-47.12000000000262,28489.76,28233.35,256.40999999999985,-0.0019153315966434783,8339995492,-0.11712243666950964,8955902714.6,2025-10-30,9446378341.0,8544969820.9,2025-10-30,9446378341.0,8786737661.85,2025-10-14,12066540173.0,0.1837681837681941,0.816231816231806,0.0,🟩 流星線,,28151.672,27868.294,27401.15,140.21800000000076,58.547999999998865,120.6404999999977,27993.63,0.00849066795119947,27302.37,0.03297447876358985,25982.91,0.07970857160060704,3,上揚,多頭排列,2.699036057009824,發散,🚀 強勢多頭,3.0,0.002901355201921928,0.013099330730470865,0.03037098807896738,5761.44513446,-243.94023541,-283.96614914,-34.78817647,74.8140902,33.585109999999986,163.2351254099974,偏重大型股(多)
2025-11-03,TAIEX,28253.53,28334.59,81.06000000000131,28494.99,28150.45,344.5400000000009,0.00358583023268587,8299689369,-0.004832871077527915,8748421038.2,2025-10-30,9446378341.0,8478653800.3,2025-10-30,9446378341.0,8817732567.75,2025-10-14,12066540173.0,0.23527021535961312,0.4655482672548936,0.29918151738549326,🟥 中實體K,,28219.864,27971.516000000003,27518.733999999997,68.19200000000274,103.22200000000157,117.58399999999529,27949.11,0.013604573067759215,27688.63,0.022797577095698195,26378.39,0.06903929084557076,3,上揚,多頭排列,2.512707126405316,發散,🚀 強勢多頭,3.0,0.004065434192028663,0.012980133075375567,0.0296472940942706,5814.96914983,-84.75089855,-84.45597152,-0.2499942,-0.044932830000000035,25.85127999999986,139.95961855000144,偏重大型股(多)
2025-11-04,TAIEX,28364.76,28116.56,-248.1999999999971,28554.61,28033.62,520.9900000000016,-0.0076948351820160035,8404740088,0.012657186833084717,8713406913.6,2025-10-30,9446378341.0,8514539201.0,2025-10-30,9446378341.0,8833703827.35,2025-10-14,12066540173.0,0.4764006986698331,0.3644023877617643,0.1591969135684026,🟩 中實體K,,28253.354000000003,28014.309,27605.642499999998,33.4900000000016,42.792999999997846,86.90850000000137,28294.74,-0.0063371906093775444,27752.41,0.012951442139436739,26761.06,0.04821002284774524,3,上揚,多頭排列,2.3167496361521303,發散,🚀 強勢多頭,3.0,-0.00484169065378934,0.0036499561706126752,0.01850771993443019,6042.83395876,-108.27505101,-76.3118732,36.44389392,-68.40707173,-40.179679999999735,-99.74526898999736,偏重小型股(空)
2025-11-05,TAIEX,27785.91,27717.06,-68.84999999999854,27799.09,27373.05,426.0400000000009,-0.01420870831993672,8989778518,0.06960815252755975,8696116361.6,2025-10-30,9446378341.0,8562786725.1,2025-10-30,9446378341.0,8893951468.65,2025-10-14,12066540173.0,0.16160454417425218,0.03093606234156479,0.807459393484183,🟩 錘子線,-330.65000000000146,28137.818,28010.773999999998,27653.442500000005,-115.5360000000037,-3.5350000000034925,47.80000000000655,28287.53,-0.02058190875944265,27648.91,0.002458774487626085,27211.95,0.01822379429852952,-1,糾結,多頭排列,1.7339990713471087,正常,❓ 趨勢不明,0.0,-0.014953469384157578,-0.010485750947117574,0.0023005273213270515,6193.46788683,-650.91101456,-575.27398939,-14.02487077,-61.6121544,25.677430000000186,556.3835845600013,偏重大型股(多)
2025-11-06,TAIEX,27906.44,27899.45,-6.989999999997963,28061.53,27879.7,181.8299999999981,0.006580423753457236,7863001986,-0.12533974332558745,8379441090.6,2025-11-05,8989778518.0,8565527830.2,2025-10-30,9446378341.0,8819668749.4,2025-10-14,12066540173.0,0.03844250123740876,0.8529395589286793,0.10861793983391192,⬜ 十字線,113.54000000000087,28060.202,28035.827999999998,27687.817499999997,-77.61599999999817,25.054000000000087,34.374999999992724,28233.35,-0.01196797786336282,27532.26,0.013161191349650344,27063.68,0.0299565045189063,1,糾結,多頭排列,1.3333757440537821,正常,❓ 趨勢不明,0.0,-0.005728825473173728,-0.004864418486231153,0.007643524087805165,5142.72235406,19.42263419,-51.61228109,27.13254081,43.90237447,50.2223799999997,-76.63501418999766,偏重小型股(空)
2025-11-07,TAIEX,27818.54,27651.41,-167.13000000000102,27818.54,27621.48,197.0600000000013,-0.008890497841355326,7878592276,0.0019827401834259183,8287160447.4,2025-11-05,8989778518.0,8621531581.0,2025-10-30,9446378341.0,8800538869.05,2025-10-14,12066540173.0,0.8481173246726881,0.0,0.15188267532731195,🟩 長黑K,-80.90999999999985,27943.814000000002,28047.743,27717.204000000005,-116.38799999999901,11.915000000000873,29.3865000000078,28334.59,-0.02470687751546848,27993.63,-0.012376222406018397,27301.92,0.01263913847431294,1,糾結,糾結,1.1846036043945032,正常,❓ 趨勢不明,0.0,-0.01046399750585236,-0.014130655718001935,-0.0023737603547603616,4867.27226387,-473.29974944,-353.56498169,-13.89320008,-105.84156767,-1.4740899999997055,307.6438394399987,偏重大型股(多)
2025-11-10,TAIEX,27805.47,27869.51,64.03999999999724,27976.89,27680.51,296.380000000001,0.007887482048835794,7491028505,-0.04919200758498548,8125428274.6,2025-11-05,8989778518.0,8436924656.4,2025-10-30,9446378341.0,8702873704.15,2025-10-14,12066540173.0,0.21607395910654234,0.3623051487954675,0.4216208920979902,🟥 中實體K,,27850.798,28035.331,27745.5835,-93.01600000000326,-12.412000000000262,28.37949999999546,28116.56,-0.008864526143445038,27949.11,-0.002856167905356147,26923.42,0.03394713434143622,-1,糾結,糾結,1.0393694855883682,正常,❓ 趨勢不明,0.0,0.0006718658474345882,-0.005914715256973421,0.004466530682261476,5042.1327889,14.52373998,-52.91526198,30.37382623,37.06517573,23.681079999999838,25.835180019997395,偏重大型股(多)
2025-11-11,TAIEX,28031.54,27784.95,-246.59000000000015,28187.7,27784.95,402.75,-0.003034140176845509,8924063428,0.19130015618596288,8229292942.6,2025-11-05,8989778518.0,8471349928.1,2025-10-30,9446378341.0,8639522685.35,2025-10-14,12066540173.0,0.6122656734947242,0.38773432650527584,0.0,🟩 長黑K,,27784.476000000002,28018.915,27788.659999999996,-66.32199999999648,-16.41599999999744,43.076499999995576,27717.06,0.0024434091117673208,28294.74,-0.018347702623182725,26793.15,0.035695583400366,-1,糾結,糾結,0.8413682779478581,正常,❓ 趨勢不明,0.0,1.705988624721017e-05,-0.008350251963718086,-0.0001335076970244513,5844.94820328,-198.16706638,-173.67623754,23.37032235,-47.86115119,-3.1360899999999674,-45.286843620000184,偏重小型股(空)
2025-11-12,TAIEX,27853.47,27947.09,93.61999999999898,28071.76,27799.92,271.84000000000015,0.005835533265310875,8954069218,0.0033623461153194307,8222151082.6,2025-11-12,8954069218.0,8459133722.1,2025-10-30,9446378341.0,8483899137.6,2025-10-30,9446378341.0,0.3443937610358995,0.45861536197762726,0.19699087698647322,🟥 中實體K,,27830.482,27984.15,27846.357,46.005999999997584,-34.76499999999942,57.697000000003754,27899.45,0.001704649750653804,28287.53,-0.012181590283639502,27275.71,0.024023252510368735,1,糾結,糾結,0.5510381905717185,正常,❓ 趨勢不明,0.0,0.004189938212352922,-0.0013243210889021574,0.0036174570339667835,5760.9199079,-74.94954375,-84.84304834,-24.48349841,34.377003,31.375099999999748,137.19444374999924,偏重大型股(多)
2025-11-13,TAIEX,27867.59,27903.56,35.970000000001164,28038.24,27811.81,226.4300000000003,-0.001557586138664127,10545273898,0.17770743572109832,8758605465.0,2025-11-13,10545273898.0,8569023277.8,2025-11-13,10545273898.0,8591769781.8,2025-11-13,10545273898.0,0.15885704191141245,0.5947975091639806,0.246345448924607,🟥 流星線,,27831.303999999996,27945.753000000004,27877.749499999998,0.8219999999964784,-38.396999999997206,31.39249999999811,27651.41,0.009036481366535362,28233.35,-0.011818922030020442,27647.87,0.00916334689910543,1,糾結,糾結,0.41043308133170253,糾結,🤝 盤整區間,0.0,0.0025962132424698775,-0.0015098179676891488,0.0009258458972810281,6741.89961874,-60.18450946,-66.35665606,-9.72024239,15.89238899,9.976970000000165,86.177539460001,偏重大型股(多)
2025-11-14,TAIEX,27816.45,27397.5,-418.9500000000007,27816.45,27383.34,433.1100000000006,-0.018136037122145034,9939352945,-0.05745900569874415,9170757598.8,2025-11-13,10545273898.0,8728959023.1,2025-11-13,10545273898.0,8636964422.0,2025-11-13,10545273898.0,0.9673062270554829,0.0,0.032693772944517176,🟩 長黑K,,27780.521999999997,27862.167999999998,27865.231,-50.78199999999924,-83.5850000000064,-12.518499999998312,27869.51,-0.017228214253125228,28334.59,-0.03420348571949996,27302.37,0.0034722146181221285,-3,下彎,空頭排列,0.3043148445762501,糾結,☁️ 穩定空頭,-2.0,-0.013787429912224012,-0.016677381315050498,-0.016785470036117762,6145.75227909,-839.79866452,-603.99178503,-47.41432411,-188.39255538,-29.42383000000018,450.27249451999944,偏重大型股(多)
2025-11-17,TAIEX,27600.74,27447.31,-153.4300000000003,27723.77,27447.31,276.4599999999991,0.0018180490920704923,8604107358,-0.1343392869122025,9393373369.4,2025-11-13,10545273898.0,8759400822.0,2025-11-13,10545273898.0,8619027311.15,2025-11-13,10545273898.0,0.5549808290530304,0.44501917094696963,0.0,🟩 中實體K,,27696.082000000002,27773.440000000002,27872.477999999996,-84.43999999999505,-88.72799999999552,7.246999999995751,27784.95,-0.012301387640537429,28116.56,-0.02438308162074899,27688.63,-0.008792118426177272,-1,糾結,空頭排列,0.6349595642052988,正常,❓ 趨勢不明,0.0,-0.008982209108133085,-0.011742513710941137,-0.015254043791872193,5477.22102923,-160.59566278,73.3524278,-86.95463296,-146.99345762000002,0.8248100000000704,6.340852779999636,偏重大型股(多)
2025-11-18,TAIEX,27310.4,26756.12,-554.2800000000025,27310.4,26756.12,554.2800000000025,-0.025182431356661265,10450443082,0.21458771342308952,9698649300.2,2025-11-13,10545273898.0,8963971121.4,2025-11-13,10545273898.0,8739255161.2,2025-11-13,10545273898.0,1.0,0.0,0.0,🟩 長黑K,-136.90999999999985,27490.316000000003,27637.396,27825.852499999997,-205.76599999999962,-136.0440000000017,-46.62549999999828,27947.09,-0.044512059297087965,27717.06,-0.035914773890982785,27752.41,-0.03723596694887005,-3,下彎,空頭排列,1.21346141792374,正常,☁️ 穩定空頭,-2.0,-0.026707441267681445,-0.03188708516533184,-0.03844383563809944,6727.57035089,-708.70198585,-485.3789197,-31.90317648,-191.41988967,-47.61922999999979,202.04121584999734,偏重大型股(多)
2025-11-19,TAIEX,26708.28,26580.12,-128.15999999999985,26902.97,26580.12,322.8500000000022,-0.0065779343193258216,8069342681,-0.22784683695385538,9521703992.8,2025-11-13,10545273898.0,8871927537.7,2025-11-13,10545273898.0,8717357131.4,2025-11-13,10545273898.0,0.3969645346135945,0.6030354653864055,0.0,🟩 中實體K,,27216.922000000002,27523.702,27767.238,-273.39400000000023,-113.6939999999995,-58.61449999999604,27903.56,-0.04979059537729711,27899.45,-0.04963596853588328,27648.91,-0.040210126967071665,-3,下彎,空頭排列,2.0009584056365397,發散,💣 強勢空頭,-3.0,-0.023397282029173,-0.03428252493069436,-0.04275246965506624,5161.80089038,-326.81801582,-256.89012839,10.75226767,-80.68015510000001,-1.2395900000001348,199.8976058200003,偏重大型股(多)
2025-11-20,TAIEX,27212.91,27426.36,213.45000000000073,27493.63,27183.03,310.6000000000022,0.03183732804818043,8497528679,0.05306330576444632,9112154949.0,2025-11-18,10450443082.0,8935380207.0,2025-11-13,10545273898.0,8750454018.6,2025-11-13,10545273898.0,0.6872182871860889,0.21658081133290394,0.09620090148100711,🟥 長紅K,504.630000000001,27121.482,27476.393,27756.110500000003,-95.44000000000233,-47.309000000001106,-11.12749999999869,27397.5,0.0010522723394573899,27651.41,-0.008205609493932089,27532.26,-0.003861248813185483,-3,下彎,空頭排列,2.3118316477834666,發散,💣 強勢空頭,-3.0,0.011241199872484868,-0.0018209449835718775,-0.011880284883575525,5923.68253864,199.75683903,131.06672651,13.42394479,55.26616773,34.60541999999987,-20.91225902999915,偏重小型股(空)
2025-11-21,TAIEX,26821.97,26434.94,-387.0300000000025,26821.97,26395.98,425.9900000000016,-0.03614843530092954,8853582470,0.041900863704045874,8895000854.0,2025-11-18,10450443082.0,9032879226.4,2025-11-13,10545273898.0,8827205403.7,2025-11-13,10545273898.0,0.9085424540482195,0.0,0.09145754595178052,🟩 長黑K,-390.9399999999987,26928.97,27354.745999999996,27701.2445,-192.5119999999988,-121.64700000000448,-54.866000000001804,27447.31,-0.038296663431050065,27869.51,-0.05426794991779818,27993.63,-0.058963250909591716,-3,下彎,空頭排列,2.8259128087278866,發散,💣 強勢空頭,-3.0,-0.018345670109179906,-0.033625097451096674,-0.04571291011853283,5818.60848616,-1078.96793184,-915.99036019,-10.2377126,-152.73985905,-59.57537000000002,751.5133018399974,偏重大型股(多)
2025-11-24,TAIEX,26596.03,26504.24,-91.78999999999724,26764.13,26482.33,281.7999999999993,0.0026215304441773997,9236525911,0.04325293657088394,9021484564.6,2025-11-18,10450443082.0,9207428967.0,2025-11-13,10545273898.0,8822176811.7,2025-11-13,10545273898.0,0.32572746628813865,0.5965223562810597,0.07775017743080168,🟩 中實體K,,26740.356,27218.219,27626.775,-188.6140000000014,-136.5269999999946,-74.46949999999924,26756.12,-0.009503385118758258,27784.95,-0.04832094789362,27949.11,-0.054514673878594475,-3,下彎,空頭排列,3.259478570601223,發散,💣 強勢空頭,-3.0,-0.008829949758335235,-0.02623165755261207,-0.040632140378310526,7491.63116671,-291.29222994,-299.55849627,-6.88614563,15.152411960000002,26.726540000000114,172.77568994000268,偏重大型股(多)
2025-11-25,TAIEX,26995.9,26912.17,-83.7300000000032,27118.02,26793.71,324.3100000000013,0.015391122326088077,6714625759,-0.27303557379691956,8274321100.0,2025-11-24,9236525911.0,8986485200.1,2025-11-13,10545273898.0,8728917564.1,2025-11-13,10545273898.0,0.25817890290155365,0.3765532977706469,0.36526779932779946,🟩 中實體K,316.1399999999994,26771.566,27130.941,27574.928000000004,31.209999999999127,-87.27800000000207,-51.846999999997934,26580.12,0.01233828412944773,27947.09,-0.038455464572347824,28294.74,-0.051373412103149003,-1,糾結,空頭排列,2.957979715488115,發散,❓ 趨勢不明,0.0,0.005251990115184123,-0.008063524224979909,-0.024034804370114952,4907.50703418,72.14541039,63.38446345,-20.34450321,29.10545015,49.886129999999866,-205.76154039000306,偏重小型股(空)
2025-11-26,TAIEX,27063.17,27409.54,346.3700000000026,27409.54,27063.17,346.3700000000026,0.0184812298673798,7902773415,0.1769491999472133,8241007246.8,2025-11-24,9236525911.0,8881355619.8,2025-11-13,10545273898.0,8670244670.95,2025-11-13,10545273898.0,1.0,0.0,0.0,🟥 長紅K,,26937.45,27077.185999999998,27530.667999999998,165.88400000000183,-53.75500000000102,-44.260000000005675,27426.36,-0.0006136549537131856,27903.56,-0.018023651619107815,28287.53,-0.03203227781276147,-1,糾結,空頭排列,2.182411386926697,發散,❓ 趨勢不明,0.0,0.017525415360399747,0.012274318313579669,-0.0043997479465444495,5235.31629362,227.41833954,124.22608882,120.21952422,-17.027273499999996,-3.0823899999995774,122.03405046000219,偏重大型股(多)
2025-11-27,TAIEX,27517.24,27554.53,37.289999999997235,27659.06,27436.59,222.47000000000116,0.00528976407484394,7539156843,-0.0460112612250569,8049332879.6,2025-11-24,9236525911.0,8580743914.3,2025-11-18,10450443082.0,8574883596.05,2025-11-13,10545273898.0,0.16761810581200629,0.46986110486808075,0.36252078931991294,🟥 中實體K,107.70000000000073,26963.084000000003,27042.283000000003,27494.018,25.634000000001834,-34.90299999999479,-36.64999999999782,26434.94,0.04063179448170592,27397.5,0.005698881454337956,28233.35,-0.0246355136523831,-1,糾結,空頭排列,1.9543730299314432,正常,❓ 趨勢不明,0.0,0.02193539878450092,0.018942446538259942,0.0022009151227004656,5065.17208172,240.30038799,134.52960146,76.45285077,29.31793576,29.45342999999957,-232.46381799000233,偏重小型股(空)
2025-11-28,TAIEX,27566.12,27626.48,60.36000000000058,27796.9,27566.12,230.78000000000247,0.0026111858921201245,7671742311,0.0175862461494091,7812964847.8,2025-11-24,9236525911.0,8353982850.9,2025-11-18,10450443082.0,8541470937.0,2025-11-13,10545273898.0,0.26154779443625936,0.7384522055637407,0.0,🟥 流星線,,27201.392,27065.181,27463.6745,238.30799999999726,22.89799999999741,-30.34349999999904,26504.24,0.040621896093892454,27447.31,0.006485444399720784,28334.59,-0.025631567973914905,1,糾結,糾結,1.4627148902247011,正常,❓ 趨勢不明,0.0,0.0156274355371225,0.02073878611785375,0.005928030497157202,4898.85964092,-29.23717856,-194.69555406,48.46350911,116.99486639,31.76231000000007,57.834868560000515,偏重大型股(多)
2025-12-01,TAIEX,27674.16,27342.53,-331.630000000001,27697.06,27342.53,354.5300000000025,-0.010278182381541214,7418235597,-0.03304421651865361,7449306785.0,2025-11-26,7902773415.0,8235395674.8,2025-11-18,10450443082.0,8497398248.4,2025-11-13,10545273898.0,0.9354074408371611,0.06459255916283896,0.0,🟩 長黑K,,27369.05,27054.703,27414.071500000002,167.65799999999945,-10.477999999999156,-49.602999999999156,26912.17,0.015739582255190013,26756.12,0.02144680832388224,28116.56,-0.02830864590804152,-1,糾結,糾結,1.317368229894725,正常,❓ 趨勢不明,0.0,-0.0009689777321463638,0.010638704849208563,-0.0026096634350721306,4934.40574126,-188.69762707,-243.4923526,76.6983852,-21.903659669999996,21.78052000000025,-164.71289293000126,偏重小型股(空)
2025-12-02,TAIEX,27550.35,27564.27,13.920000000001892,27741.89,27477.1,264.7900000000009,0.008109710403536235,7321099919,-0.013094175391151304,7570601617.0,2025-11-26,7902773415.0,7922461358.5,2025-11-24,9236525911.0,8443216239.95,2025-11-13,10545273898.0,0.052569961101257015,0.6707957249140768,0.2766343139846662,🟥 流星線,,27499.47,27135.518,27386.457000000002,130.4200000000019,80.81499999999869,-27.61449999999968,27409.54,0.005613426366814705,26580.12,0.03570382963162099,27717.06,-0.005543045398989375,1,糾結,糾結,1.33118357034554,正常,❓ 趨勢不明,0.0,0.0023564090507925887,0.01580039857724479,0.006492734711905168,4865.38825279,183.43136423,135.75293316,13.24853968,34.42989139,3.7674199999996745,-173.2787842299978,偏重小型股(空)
2025-12-03,TAIEX,27605.63,27793.04,187.40999999999985,27847.67,27605.63,242.03999999999724,0.008299512375985304,6838633055,-0.0659008713633157,7357773545.0,2025-11-28,7671742311.0,7799390395.9,2025-11-24,9236525911.0,8335658966.8,2025-11-13,10545273898.0,0.7742935052057593,0.22570649479424065,0.0,🟥 長紅K,,27576.170000000002,27256.809999999998,27390.256,76.70000000000073,121.29199999999764,3.7989999999990687,27554.53,0.008581644901025653,27426.36,0.013193231111098328,27899.45,-0.003828656383036899,3,上揚,糾結,1.1652180656086224,正常,❓ 趨勢不明,0.0,0.00786439886322136,0.019673248630342408,0.014705375517483285,4572.84590648,214.83426973,162.1480602,14.0442304,38.641979129999996,16.880080000000362,-44.304349730000496,偏重小型股(空)
2025-12-04,TAIEX,27773.42,27795.71,22.290000000000873,27880.23,27636.63,243.59999999999854,9.606721682832298e-05,6475222009,-0.05314088986457543,7144986578.2,2025-11-28,7671742311.0,7597159728.9,2025-11-24,9236525911.0,8266269967.95,2025-11-13,10545273898.0,0.09150246305419132,0.3469622331691336,0.561535303776675,🟥 錘子線,,27624.406,27293.745000000003,27385.069,48.23599999999715,36.93500000000495,-5.187000000001717,27626.48,0.006088349605028962,26434.94,0.04895611588982618,27651.41,0.005191448608436312,1,糾結,糾結,1.2052784812064332,正常,❓ 趨勢不明,0.0,0.00620118311322242,0.018391210147233238,0.014995069028308806,3979.85953488,109.996344,103.45999632,-6.51930842,13.0556561,14.014220000000023,-101.72056399999914,偏重小型股(空)
2025-12-05,TAIEX,27796.43,27980.89,184.45999999999913,27980.89,27738.5,242.38999999999942,0.006662179163619145,6781520261,0.047303127456367035,6966942168.2,2025-12-01,7418235597.0,7389953508.0,2025-11-24,9236525911.0,8211416367.2,2025-11-13,10545273898.0,0.7610049919551118,0.0,0.2389950080448881,🟥 長紅K,,27695.288,27448.340000000004,27401.542999999998,70.88200000000143,154.59500000000116,16.47399999999834,27342.53,0.02281414208054142,26504.24,0.052773517925984406,27869.51,0.003980573884533373,3,上揚,多頭排列,1.0675791076863939,正常,🌤️ 穩定多頭,2.0,0.010312295723373555,0.019401901900078313,0.021142860458624596,4572.38821346,420.2152242,368.78028912,-5.05387079,56.48880586999999,0.902009999999791,-236.6572342000007,偏重小型股(空)
2025-12-08,TAIEX,28034.0,28303.78,269.77999999999884,28303.78,28026.39,277.3899999999994,0.01153966153328216,7603908443,0.12126900021658728,7004076737.4,2025-12-08,7603908443.0,7226691761.2,2025-11-26,7902773415.0,8217060364.1,2025-11-13,10545273898.0,0.9725657017195984,0.0,0.027434298280401594,🟥 長紅K,53.11000000000058,27887.538,27628.294,27423.2565,192.25,179.9539999999979,21.71350000000166,27564.27,0.026127605570704635,26912.17,0.049166931060091644,27784.95,0.01833076712721757,3,上揚,多頭排列,1.6793583401872119,正常,🌤️ 穩定多頭,2.0,0.014925734928626484,0.02444906659817639,0.0321086410725874,4382.97179091,192.0186855,140.87614446,1.50345516,49.639085879999996,18.227469999999812,59.53384449999902,偏重大型股(多)
2025-12-09,TAIEX,28364.04,28182.6,-181.44000000000233,28390.24,28157.27,232.97000000000116,-0.004281406935752055,8116345692,0.0673912965735061,7163125892.0,2025-12-09,8116345692.0,7366863754.5,2025-12-09,8116345692.0,8176674477.3,2025-11-13,10545273898.0,0.7788127226681608,0.11246083186676652,0.10872644546507268,🟩 長黑K,,28011.203999999998,27755.337,27443.139000000003,123.66599999999744,127.04299999999785,19.882500000003347,27793.04,0.013822713305372736,27409.54,0.02743040031792658,27947.09,0.00835657462405876,3,上揚,多頭排列,2.0480730126590867,發散,🚀 強勢多頭,3.0,0.006118837305244025,0.015393904242632652,0.026945204774133005,5245.25111897,-43.73601675,-58.88471251,-6.06058974,21.2092855,21.44871000000012,-159.15269325000244,偏重小型股(空)
2025-12-10,TAIEX,28190.76,28400.73,209.97000000000116,28417.09,28190.76,226.33000000000175,0.0077398820548849655,8239950462,0.015229115995124866,7443389373.4,2025-12-10,8239950462.0,7400581459.2,2025-12-10,8239950462.0,8140968539.5,2025-11-13,10545273898.0,0.9277161666593008,0.07228383334069922,0.0,🟥 長紅K,,28132.742,27854.456,27465.820999999996,121.53800000000047,99.11899999999878,22.681999999993423,27795.71,0.021302973550327772,27554.53,0.029795008790267037,27903.56,0.017505535949251947,3,上揚,多頭排列,2.397472283177684,發散,🚀 強勢多頭,3.0,0.009525840033651934,0.01961172747369402,0.03403899705018843,5091.41432257,267.0854716,196.07451411,18.39673496,52.61422253,8.103000000000065,-65.2184715999989,偏重小型股(空)
2025-12-11,TAIEX,28385.23,28024.75,-360.47999999999956,28568.02,27984.19,583.8300000000017,-0.013238392111752042,8087246896,-0.018532097578040026,7765794350.8,2025-12-10,8239950462.0,7455390464.5,2025-12-10,8239950462.0,8018067189.4,2025-11-18,10450443082.0,0.6174400082215687,0.31308771388931766,0.06947227788911359,🟩 長黑K,,28178.55,27901.477999999996,27471.8805,45.8080000000009,47.021999999997206,6.059500000003027,27980.89,0.0015650451832755184,27626.48,0.014211366738329527,27397.5,0.022382001623564886,3,上揚,多頭排列,2.5373549665834387,發散,🚀 強勢多頭,3.0,-0.0054580523128407695,0.004418117205117395,0.020124923737929068,5371.28803314,-193.64014237,-189.76810065,21.01997667,-24.89201839,-10.227240000000165,-156.6126176299994,偏重小型股(空)
2025-12-12,TAIEX,28097.54,28198.02,100.47999999999956,28272.06,28071.34,200.72000000000116,0.006182749177066716,8508400161,0.052076222034015664,8111170330.8,2025-12-12,8508400161.0,7539056249.5,2025-12-12,8508400161.0,7946519550.2,2025-11-18,10450443082.0,0.5005978477481018,0.36887206058190736,0.1305300916699909,🟥 中實體K,,28221.976000000002,27958.632,27511.9065,43.426000000003114,57.15400000000591,40.02600000000166,28303.78,-0.003750617951189424,27342.53,0.030338654983576917,27447.31,0.026622791245626436,3,上揚,多頭排列,2.5452796020365764,發散,🚀 強勢多頭,3.0,-0.0008488420513149734,0.008562221499249284,0.02493878423147445,4886.52979581,253.92749639,166.239245,13.47533033,74.21292106,26.777440000000297,-180.22493639000072,偏重小型股(空)
2025-12-15,TAIEX,28119.79,27866.94,-252.85000000000218,28119.79,27684.87,434.9200000000019,-0.011741249917547464,7855274707,-0.07676242791138746,8161443583.6,2025-12-12,8508400161.0,7582760160.5,2025-12-12,8508400161.0,7909077917.65,2025-11-18,10450443082.0,0.5813712866734136,0.0,0.4186287133265863,🟩 中實體K,,28134.608,28011.072999999997,27532.888,-87.36800000000221,52.440999999995256,20.98149999999805,28182.6,-0.011327400855637536,27564.27,0.010861257102502042,26756.12,0.03986157073578943,1,糾結,多頭排列,2.1572548641456857,發散,❓ 趨勢不明,0.0,-0.009513834349495877,-0.005145572252801526,0.01213283546571648,4517.40486315,-547.73795499,-489.94972132,-21.23208168,-36.556151990000004,25.097559999999703,269.79039498999816,偏重大型股(多)
