report,stock_id,price,lastDt_close_distance,lcd%,involve_days,involve_date,date,date_distance,price_type,volume,vol_weight,vol_wei_pr,vol_adj,vol_wei_adj,vol_wei_pr_adj,remark
TAIEX-60-20251231,TAIEX,29009.81,46.210000000002765,0.0015954508417462872,1,20251231_max,2025-12-31,0,max,9768832777,30346471.923829656,0.014285714285714285,9768832777.0,30346471.923829656,0.07142857142857142,"12/31 max [29010] (dis： 46 , 0.16%) (vol_wei_pr ：7.14%)"
TAIEX-60-20251231,TAIEX,28963.6,0.0,0.0,1,20251231_close,2025-12-31,0,close,9768832777,30346471.923829656,0.014285714285714285,9768832777.0,30346471.923829656,0.07142857142857142,"12/31 close [28964] (dis： 0 , 0.00%) (vol_wei_pr ：7.14%)"
TAIEX-60-20251231,TAIEX,28841.64,-121.95999999999913,-0.0042108025245480235,2,20251229_max|20251231_max,2025-12-29,-2,max,8569606301,65141251.659100965,0.036734693877551024,7995725403.314705,62811149.350094125,0.2530612244897959,"12/29 max [28842] (dis： -122 , -0.42%) (vol_wei_pr ：25.31%)"
TAIEX-60-20251231,TAIEX,28833.03,-130.5699999999997,-0.0045080722009694825,3,20251229_max|20251230_max|20251231_max,2025-12-30,-1,max,8876360103,96911752.04565746,0.08775510204081632,8573998692.106785,93499429.8615899,0.32857142857142857,"12/30 max [28833] (dis： -131 , -0.45%) (vol_wei_pr ：32.86%)"
TAIEX-60-20251231,TAIEX,28810.89,-152.70999999999913,-0.005272479940338878,3,20251229_close|20251230_close|20251231_close,2025-12-29,-2,close,8569606301,96911752.04565746,0.08775510204081632,7995725403.314705,93499429.8615899,0.32857142857142857,"12/29 close [28811] (dis： -153 , -0.53%) (vol_wei_pr ：32.86%)"
TAIEX-60-20251231,TAIEX,28723.82,-239.77999999999884,-0.008278667016531054,3,20251229_open|20251230_open|20251231_open,2025-12-30,-1,open,8876360103,96911752.04565746,0.08775510204081632,8573998692.106785,93499429.8615899,0.32857142857142857,"12/30 open [28724] (dis： -240 , -0.83%) (vol_wei_pr ：32.86%)"
TAIEX-60-20251231,TAIEX,28723.49,-240.10999999999694,-0.008290060627822404,3,20251229_open|20251230_open|20251231_open,2025-12-31,0,open,9768832777,96911752.04565746,0.08775510204081632,9768832777.0,93499429.8615899,0.32857142857142857,"12/31 open [28723] (dis： -240 , -0.83%) (vol_wei_pr ：32.86%)"
TAIEX-60-20251231,TAIEX,28707.13,-256.4699999999975,-0.00885490753911798,3,20251229_close|20251230_close|20251231_close,2025-12-30,-1,close,8876360103,96911752.04565746,0.08775510204081632,8573998692.106785,93499429.8615899,0.32857142857142857,"12/30 close [28707] (dis： -256 , -0.89%) (vol_wei_pr ：32.86%)"
TAIEX-60-20251231,TAIEX,28687.9,-275.6999999999971,-0.009518844342554003,3,20251229_min|20251230_min|20251231_min,2025-12-31,0,min,9768832777,96911752.04565746,0.08775510204081632,9768832777.0,93499429.8615899,0.32857142857142857,"12/31 min [28688] (dis： -276 , -0.95%) (vol_wei_pr ：32.86%)"
TAIEX-60-20251231,TAIEX,28681.924,-281.6759999999995,-0.009725172285213147,2,20251229_5MA|20251230_5MA,2025-12-31,0,5MA,9768832777,66565280.121827796,0.044897959183673466,9768832777.0,63152957.93776024,0.2612244897959184,"12/31 5MA [28682] (dis： -282 , -0.97%) (vol_wei_pr ：26.12%)"
TAIEX-60-20251231,TAIEX,28662.79,-300.8099999999977,-0.010385794583546165,2,20251229_open|20251230_open,2025-12-29,-2,open,8569606301,66565280.121827796,0.044897959183673466,7995725403.314705,63152957.93776024,0.2612244897959184,"12/29 open [28663] (dis： -301 , -1.04%) (vol_wei_pr ：26.12%)"
TAIEX-60-20251231,TAIEX,28595.35,-368.25,-0.012714234418373407,2,20251229_min|20251230_min,2025-12-29,-2,min,8569606301,66565280.121827796,0.044897959183673466,7995725403.314705,63152957.93776024,0.2612244897959184,"12/29 min [28595] (dis： -368 , -1.27%) (vol_wei_pr ：26.12%)"
TAIEX-60-20251231,TAIEX,28590.91,-372.6899999999987,-0.012867530279385114,2,20251226_max|20251230_max,2025-12-26,-3,max,8057092373,74955859.0883843,0.053061224489795916,7261458228.464442,69609105.01953271,0.2693877551020408,"12/26 max [28591] (dis： -373 , -1.29%) (vol_wei_pr ：26.94%)"
TAIEX-60-20251231,TAIEX,28568.02,-395.5799999999981,-0.01365783258987136,3,20251211_max|20251226_max|20251230_max,2025-12-11,-13,max,8087246896,88807916.8723282,0.05918367346938776,5153843238.525758,78436748.74891582,0.2836734693877551,"12/11 max [28568] (dis： -396 , -1.37%) (vol_wei_pr ：28.37%)"
TAIEX-60-20251231,TAIEX,28556.02,-407.5799999999981,-0.014072145727740962,3,20251211_close|20251226_close|20251230_close,2025-12-26,-3,close,8057092373,88807916.8723282,0.05918367346938776,7261458228.464442,78436748.74891582,0.2836734693877551,"12/26 close [28556] (dis： -408 , -1.41%) (vol_wei_pr ：28.37%)"
TAIEX-60-20251231,TAIEX,28554.61,-408.98999999999796,-0.014120827521440634,4,20251104_max|20251211_max|20251226_max|20251230_max,2025-11-04,-40,max,8404740088,104940165.26097286,0.10408163265306122,2101185022.0,82469810.846077,0.3040816326530612,"11/04 max [28555] (dis： -409 , -1.41%) (vol_wei_pr ：30.41%)"
TAIEX-60-20251231,TAIEX,28553.64,-409.9599999999991,-0.014154317833418468,4,20251104_min|20251211_min|20251226_min|20251230_min,2025-12-30,-1,min,8876360103,104940165.26097286,0.10408163265306122,8573998692.106785,82469810.846077,0.3040816326530612,"12/30 min [28554] (dis： -410 , -1.42%) (vol_wei_pr ：30.41%)"
TAIEX-60-20251231,TAIEX,28527.68,-435.91999999999825,-0.015050615255009676,4,20251030_max|20251104_max|20251211_max|20251226_max,2025-10-30,-43,max,9446378341,96149080.90292653,0.0653061224489796,2128388212.4557943,56959082.6661366,0.24489795918367346,"10/30 max [28528] (dis： -436 , -1.51%) (vol_wei_pr ：24.49%)"
TAIEX-60-20251231,TAIEX,28494.99,-468.60999999999694,-0.01617927329475607,5,20251030_max|20251103_max|20251104_max|20251211_max|20251226_max,2025-11-03,-41,max,8299689369,120238270.45711467,0.1306122448979592,2004242870.077107,62776238.49732341,0.24897959183673468,"11/03 max [28495] (dis： -469 , -1.62%) (vol_wei_pr ：24.90%)"
TAIEX-60-20251231,TAIEX,28489.76,-473.84000000000015,-0.016359844770677683,6,20251030_max|20251031_max|20251103_max|20251104_max|20251211_max|20251226_max,2025-10-31,-42,max,8339995492,152764285.40192965,0.23673469387755103,1945372735.826062,70363199.75400631,0.27346938775510204,"10/31 max [28490] (dis： -474 , -1.64%) (vol_wei_pr ：27.35%)"
TAIEX-60-20251231,TAIEX,28486.38,-477.2199999999975,-0.01647654297117753,7,20251030_max|20251031_max|20251103_max|20251104_max|20251211_max|20251224_max|20251226_max,2025-12-24,-4,max,7899870510,191152304.79062667,0.3163265306122449,6877236722.446939,103781911.65665907,0.38979591836734695,"12/24 max [28486] (dis： -477 , -1.65%) (vol_wei_pr ：38.98%)"
TAIEX-60-20251231,TAIEX,28443.48,-520.119999999999,-0.01795771243906141,7,20251030_open|20251031_open|20251103_open|20251104_open|20251211_open|20251224_open|20251226_open,2025-12-26,-3,open,8057092373,191152304.79062667,0.3163265306122449,7261458228.464442,103781911.65665907,0.38979591836734695,"12/26 open [28443] (dis： -520 , -1.80%) (vol_wei_pr ：38.98%)"
TAIEX-60-20251231,TAIEX,28417.09,-546.5099999999984,-0.01886885608142629,8,20251030_max|20251031_max|20251103_max|20251104_max|20251210_max|20251211_max|20251224_max|20251226_max,2025-12-10,-14,max,8239950462,227559102.21915996,0.3408163265306122,5072284488.765081,126192924.28761849,0.5326530612244897,"12/10 max [28417] (dis： -547 , -1.89%) (vol_wei_pr ：53.27%)"
TAIEX-60-20251231,TAIEX,28404.34,-559.2599999999984,-0.01930906379041274,8,20251030_min|20251031_min|20251103_min|20251104_min|20251210_min|20251211_min|20251224_min|20251226_min,2025-12-26,-3,min,8057092373,227559102.21915996,0.3408163265306122,7261458228.464442,126192924.28761849,0.5326530612244897,"12/26 min [28404] (dis： -559 , -1.93%) (vol_wei_pr ：53.27%)"
TAIEX-60-20251231,TAIEX,28400.73,-562.869999999999,-0.019433702992721864,7,20251030_close|20251031_close|20251103_close|20251104_close|20251210_close|20251211_close|20251224_close,2025-12-10,-14,close,8239950462,184373743.51733217,0.31020408163265306,5072284488.765081,87272099.77958152,0.3142857142857143,"12/10 close [28401] (dis： -563 , -1.94%) (vol_wei_pr ：31.43%)"
TAIEX-60-20251231,TAIEX,28395.31,-568.2899999999972,-0.019620834426659576,8,20251029_max|20251030_max|20251031_max|20251103_max|20251104_max|20251210_max|20251211_max|20251224_max,2025-10-29,-44,max,9076231278,219874921.94962507,0.3346938775510204,1975329562.9172,94998492.50005871,0.37142857142857144,"10/29 max [28395] (dis： -568 , -1.96%) (vol_wei_pr ：37.14%)"
TAIEX-60-20251231,TAIEX,28390.24,-573.359999999997,-0.01979588172740947,9,20251029_max|20251030_max|20251031_max|20251103_max|20251104_max|20251209_max|20251210_max|20251211_max|20251224_max,2025-12-09,-15,max,8116345692,254713509.28705034,0.38571428571428573,4826008022.374042,115713640.46921362,0.4387755102040816,"12/09 max [28390] (dis： -573 , -1.98%) (vol_wei_pr ：43.88%)"
TAIEX-60-20251231,TAIEX,28385.23,-578.369999999999,-0.0199688574624701,9,20251029_open|20251030_open|20251031_open|20251103_open|20251104_open|20251209_open|20251210_open|20251211_open|20251224_open,2025-12-11,-13,open,8087246896,254713509.28705034,0.38571428571428573,5153843238.525758,115713640.46921362,0.4387755102040816,"12/11 open [28385] (dis： -578 , -2.00%) (vol_wei_pr ：43.88%)"
TAIEX-60-20251231,TAIEX,28383.61,-579.989999999998,-0.020024789736082464,9,20251029_open|20251030_open|20251031_open|20251103_open|20251104_open|20251209_open|20251210_open|20251211_open|20251224_open,2025-12-24,-4,open,7899870510,254713509.28705034,0.38571428571428573,6877236722.446939,115713640.46921362,0.4387755102040816,"12/24 open [28384] (dis： -580 , -2.00%) (vol_wei_pr ：43.88%)"
TAIEX-60-20251231,TAIEX,28371.98,-591.619999999999,-0.020426328218867786,9,20251029_close|20251030_close|20251031_close|20251103_close|20251104_close|20251209_close|20251210_close|20251211_close|20251224_close,2025-12-24,-4,close,7899870510,254713509.28705034,0.38571428571428573,6877236722.446939,115713640.46921362,0.4387755102040816,"12/24 close [28372] (dis： -592 , -2.04%) (vol_wei_pr ：43.88%)"
TAIEX-60-20251231,TAIEX,28364.76,-598.8400000000001,-0.020675606623486036,9,20251029_open|20251030_open|20251031_open|20251103_open|20251104_open|20251209_open|20251210_open|20251211_open|20251224_open,2025-11-04,-40,open,8404740088,254713509.28705034,0.38571428571428573,2101185022.0,115713640.46921362,0.4387755102040816,"11/04 open [28365] (dis： -599 , -2.07%) (vol_wei_pr ：43.88%)"
TAIEX-60-20251231,TAIEX,28364.04,-599.5599999999977,-0.02070046541175813,9,20251029_open|20251030_open|20251031_open|20251103_open|20251104_open|20251209_open|20251210_open|20251211_open|20251224_open,2025-12-09,-15,open,8116345692,254713509.28705034,0.38571428571428573,4826008022.374042,115713640.46921362,0.4387755102040816,"12/09 open [28364] (dis： -600 , -2.07%) (vol_wei_pr ：43.88%)"
TAIEX-60-20251231,TAIEX,28350.37,-613.2299999999996,-0.021172437127981315,10,20251029_max|20251030_max|20251031_max|20251103_max|20251104_max|20251209_max|20251210_max|20251211_max|20251223_max|20251224_max,2025-12-23,-5,max,7965662925,312632966.3146084,0.5612244897959183,6698297398.751918,164417904.25712878,0.8020408163265306,"12/23 max [28350] (dis： -613 , -2.12%) (vol_wei_pr ：80.20%)"
TAIEX-60-20251231,TAIEX,28350.24,-613.359999999997,-0.021176925520308143,10,20251029_open|20251030_open|20251031_open|20251103_open|20251104_open|20251209_open|20251210_open|20251211_open|20251223_open|20251224_open,2025-10-30,-43,open,9446378341,312632966.3146084,0.5612244897959183,2128388212.4557943,164417904.25712878,0.8020408163265306,"10/30 open [28350] (dis： -613 , -2.12%) (vol_wei_pr ：80.20%)"
TAIEX-60-20251231,TAIEX,28334.59,-629.0099999999984,-0.0217172589042798,10,20251029_close|20251030_close|20251031_close|20251103_close|20251104_close|20251209_close|20251210_close|20251211_close|20251223_close|20251224_close,2025-11-03,-41,close,8299689369,312632966.3146084,0.5612244897959183,2004242870.077107,164417904.25712878,0.8020408163265306,"11/03 close [28335] (dis： -629 , -2.17%) (vol_wei_pr ：80.20%)"
TAIEX-60-20251231,TAIEX,28310.47,-653.1299999999974,-0.022550028311397664,10,20251029_close|20251030_close|20251031_close|20251103_close|20251104_close|20251209_close|20251210_close|20251211_close|20251223_close|20251224_close,2025-12-23,-5,close,7965662925,312632966.3146084,0.5612244897959183,6698297398.751918,164417904.25712878,0.8020408163265306,"12/23 close [28310] (dis： -653 , -2.26%) (vol_wei_pr ：80.20%)"
TAIEX-60-20251231,TAIEX,28303.78,-659.8199999999997,-0.022781007885760048,11,20251029_close|20251030_close|20251031_close|20251103_close|20251104_close|20251208_close|20251209_close|20251210_close|20251211_close|20251223_close|20251224_close,2025-12-08,-16,close,7603908443,340045304.33328253,0.6571428571428571,4367298560.011084,180162158.05146563,0.926530612244898,"12/08 close [28304] (dis： -660 , -2.28%) (vol_wei_pr ：92.65%)"
TAIEX-60-20251231,TAIEX,28303.78,-659.8199999999997,-0.022781007885760048,11,20251029_max|20251030_max|20251031_max|20251103_max|20251104_max|20251208_max|20251209_max|20251210_max|20251211_max|20251223_max|20251224_max,2025-12-08,-16,max,7603908443,340045304.33328253,0.6571428571428571,4367298560.011084,180162158.05146563,0.926530612244898,"12/08 max [28304] (dis： -660 , -2.28%) (vol_wei_pr ：92.65%)"
TAIEX-60-20251231,TAIEX,28294.74,-668.859999999997,-0.02309312378295505,11,20251029_close|20251030_close|20251031_close|20251103_close|20251104_close|20251208_close|20251209_close|20251210_close|20251211_close|20251223_close|20251224_close,2025-10-29,-44,close,9076231278,340045304.33328253,0.6571428571428571,1975329562.9172,180162158.05146563,0.926530612244898,"10/29 close [28295] (dis： -669 , -2.31%) (vol_wei_pr ：92.65%)"
TAIEX-60-20251231,TAIEX,28287.53,-676.0699999999997,-0.023342056926625134,11,20251029_close|20251030_close|20251031_close|20251103_close|20251104_close|20251208_close|20251209_close|20251210_close|20251211_close|20251223_close|20251224_close,2025-10-30,-43,close,9446378341,340045304.33328253,0.6571428571428571,2128388212.4557943,180162158.05146563,0.926530612244898,"10/30 close [28288] (dis： -676 , -2.33%) (vol_wei_pr ：92.65%)"
TAIEX-60-20251231,TAIEX,28280.59,-683.0099999999984,-0.023581668024693008,11,20251029_min|20251030_min|20251031_min|20251103_min|20251104_min|20251208_min|20251209_min|20251210_min|20251211_min|20251223_min|20251224_min,2025-12-24,-4,min,7899870510,340045304.33328253,0.6571428571428571,6877236722.446939,180162158.05146563,0.926530612244898,"12/24 min [28281] (dis： -683 , -2.36%) (vol_wei_pr ：92.65%)"
TAIEX-60-20251231,TAIEX,28280.47,-683.1299999999974,-0.02358581115607167,10,20251029_open|20251030_open|20251031_open|20251103_open|20251104_open|20251208_open|20251209_open|20251210_open|20251211_open|20251223_open,2025-10-31,-42,open,8339995492,301657284.9445855,0.5265306122448979,1945372735.826062,146743446.14881286,0.6816326530612244,"10/31 open [28280] (dis： -683 , -2.36%) (vol_wei_pr ：68.16%)"
TAIEX-60-20251231,TAIEX,28272.06,-691.5399999999972,-0.02387617561352861,11,20251029_max|20251030_max|20251031_max|20251103_max|20251104_max|20251208_max|20251209_max|20251210_max|20251211_max|20251212_max|20251223_max,2025-12-12,-12,max,8508400161,344046683.9132979,0.6918367346938775,5613450660.230434,174710019.78487507,0.9,"12/12 max [28272] (dis： -692 , -2.39%) (vol_wei_pr ：90.00%)"
TAIEX-60-20251231,TAIEX,28255.977999999996,-707.622000000003,-0.02443142427046372,11,20251029_10MA|20251030_10MA|20251031_10MA|20251103_10MA|20251104_10MA|20251208_10MA|20251209_10MA|20251210_10MA|20251211_10MA|20251212_10MA|20251223_10MA,2025-12-31,0,10MA,9768832777,344046683.9132979,0.6918367346938775,9768832777.0,174710019.78487507,0.9,"12/31 10MA [28256] (dis： -708 , -2.44%) (vol_wei_pr ：90.00%)"
TAIEX-60-20251231,TAIEX,28253.53,-710.0699999999997,-0.024515944150589008,11,20251029_open|20251030_open|20251031_open|20251103_open|20251104_open|20251208_open|20251209_open|20251210_open|20251211_open|20251212_open|20251223_open,2025-11-03,-41,open,8299689369,344046683.9132979,0.6918367346938775,2004242870.077107,174710019.78487507,0.9,"11/03 open [28254] (dis： -710 , -2.45%) (vol_wei_pr ：90.00%)"
TAIEX-60-20251231,TAIEX,28253.14,-710.4599999999991,-0.024529409327569748,11,20251029_open|20251030_open|20251031_open|20251103_open|20251104_open|20251208_open|20251209_open|20251210_open|20251211_open|20251212_open|20251223_open,2025-12-23,-5,open,7965662925,344046683.9132979,0.6918367346938775,6698297398.751918,174710019.78487507,0.9,"12/23 open [28253] (dis： -710 , -2.45%) (vol_wei_pr ：90.00%)"
TAIEX-60-20251231,TAIEX,28233.35,-730.25,-0.025212680744106396,11,20251029_close|20251030_close|20251031_close|20251103_close|20251104_close|20251208_close|20251209_close|20251210_close|20251211_close|20251212_close|20251223_close,2025-10-31,-42,close,8339995492,344046683.9132979,0.6918367346938775,1945372735.826062,174710019.78487507,0.9,"10/31 close [28233] (dis： -730 , -2.52%) (vol_wei_pr ：90.00%)"
TAIEX-60-20251231,TAIEX,28233.35,-730.25,-0.025212680744106396,11,20251029_min|20251030_min|20251031_min|20251103_min|20251104_min|20251208_min|20251209_min|20251210_min|20251211_min|20251212_min|20251223_min,2025-10-31,-42,min,8339995492,344046683.9132979,0.6918367346938775,1945372735.826062,174710019.78487507,0.9,"10/31 min [28233] (dis： -730 , -2.52%) (vol_wei_pr ：90.00%)"
TAIEX-60-20251231,TAIEX,28212.84,-750.7599999999984,-0.025920810948915136,10,20251029_min|20251030_min|20251103_min|20251104_min|20251208_min|20251209_min|20251210_min|20251211_min|20251212_min|20251223_min,2025-12-23,-5,min,7965662925,311520668.9684829,0.5387755102040817,6698297398.751918,167123058.52819216,0.8204081632653061,"12/23 min [28213] (dis： -751 , -2.59%) (vol_wei_pr ：82.04%)"
TAIEX-60-20251231,TAIEX,28198.02,-765.5799999999981,-0.026432487674184085,9,20251029_close|20251030_close|20251103_close|20251104_close|20251208_close|20251209_close|20251210_close|20251211_close|20251212_close,2025-12-12,-12,close,8508400161,253601211.94092482,0.37142857142857144,5613450660.230434,118418794.74027699,0.4775510204081633,"12/12 close [28198] (dis： -766 , -2.64%) (vol_wei_pr ：47.76%)"
TAIEX-60-20251231,TAIEX,28196.33,-767.2699999999968,-0.026490836774434007,10,20251027_max|20251029_max|20251030_max|20251103_max|20251104_max|20251208_max|20251209_max|20251210_max|20251211_max|20251212_max,2025-10-27,-46,max,9337097751,299664841.69425464,0.5142857142857142,1896020005.815542,127772618.15327914,0.5551020408163265,"10/27 max [28196] (dis： -767 , -2.65%) (vol_wei_pr ：55.51%)"
TAIEX-60-20251231,TAIEX,28190.76,-772.8400000000001,-0.026683147122595265,10,20251027_open|20251029_open|20251030_open|20251103_open|20251104_open|20251208_open|20251209_open|20251210_open|20251211_open|20251212_open,2025-12-10,-14,open,8239950462,299664841.69425464,0.5142857142857142,5072284488.765081,127772618.15327914,0.5551020408163265,"12/10 open [28191] (dis： -773 , -2.67%) (vol_wei_pr ：55.51%)"
TAIEX-60-20251231,TAIEX,28190.76,-772.8400000000001,-0.026683147122595265,10,20251027_min|20251029_min|20251030_min|20251103_min|20251104_min|20251208_min|20251209_min|20251210_min|20251211_min|20251212_min,2025-12-10,-14,min,8239950462,299664841.69425464,0.5142857142857142,5072284488.765081,127772618.15327914,0.5551020408163265,"12/10 min [28191] (dis： -773 , -2.67%) (vol_wei_pr ：55.51%)"
TAIEX-60-20251231,TAIEX,28187.7,-775.8999999999978,-0.02678879697275193,10,20251027_max|20251029_max|20251030_max|20251103_max|20251104_max|20251111_max|20251208_max|20251209_max|20251211_max|20251212_max,2025-11-11,-35,max,8924063428,285415867.79893064,0.4714285714285714,2653139930.828294,111949165.8719865,0.4142857142857143,"11/11 max [28188] (dis： -776 , -2.68%) (vol_wei_pr ：41.43%)"
TAIEX-60-20251231,TAIEX,28182.6,-781.0,-0.026964880056346587,10,20251027_close|20251029_close|20251030_close|20251103_close|20251104_close|20251111_close|20251208_close|20251209_close|20251211_close|20251212_close,2025-12-09,-15,close,8116345692,285415867.79893064,0.4714285714285714,4826008022.374042,111949165.8719865,0.4142857142857143,"12/09 close [28183] (dis： -781 , -2.70%) (vol_wei_pr ：41.43%)"
TAIEX-60-20251231,TAIEX,28168.75,-794.8499999999985,-0.027443066469637702,11,20251027_max|20251029_max|20251030_max|20251103_max|20251104_max|20251111_max|20251208_max|20251209_max|20251211_max|20251212_max|20251222_max,2025-12-22,-6,max,8984157012,334754969.408025,0.6122448979591837,7297403062.237678,152024969.3880372,0.7306122448979592,"12/22 max [28169] (dis： -795 , -2.74%) (vol_wei_pr ：73.06%)"
TAIEX-60-20251231,TAIEX,28157.91,-805.6899999999987,-0.02781732933751325,11,20251027_open|20251029_open|20251030_open|20251103_open|20251104_open|20251111_open|20251208_open|20251209_open|20251211_open|20251212_open|20251222_open,2025-10-29,-44,open,9076231278,334754969.408025,0.6122448979591837,1975329562.9172,152024969.3880372,0.7306122448979592,"10/29 open [28158] (dis： -806 , -2.78%) (vol_wei_pr ：73.06%)"
TAIEX-60-20251231,TAIEX,28157.27,-806.3299999999981,-0.027839426038199607,11,20251027_min|20251029_min|20251030_min|20251103_min|20251104_min|20251111_min|20251208_min|20251209_min|20251211_min|20251212_min|20251222_min,2025-12-09,-15,min,8116345692,334754969.408025,0.6122448979591837,4826008022.374042,152024969.3880372,0.7306122448979592,"12/09 min [28157] (dis： -806 , -2.78%) (vol_wei_pr ：73.06%)"
TAIEX-60-20251231,TAIEX,28150.45,-813.1499999999978,-0.02807489400488882,10,20251027_min|20251029_min|20251030_min|20251103_min|20251104_min|20251111_min|20251208_min|20251211_min|20251212_min|20251222_min,2025-11-03,-41,min,8299689369,299916382.07059973,0.5224489795918368,2004242870.077107,131309821.4188823,0.5877551020408164,"11/03 min [28150] (dis： -813 , -2.81%) (vol_wei_pr ：58.78%)"
TAIEX-60-20251231,TAIEX,28149.64,-813.9599999999991,-0.028102860141695066,9,20251027_close|20251029_close|20251030_close|20251104_close|20251111_close|20251208_close|20251211_close|20251212_close|20251222_close,2025-12-22,-6,close,8984157012,275827192.5164116,0.4306122448979592,7297403062.237678,125492665.58769548,0.5244897959183673,"12/22 close [28150] (dis： -814 , -2.81%) (vol_wei_pr ：52.45%)"
TAIEX-60-20251231,TAIEX,28139.65,-823.9499999999971,-0.028447775828971438,9,20251027_min|20251029_min|20251030_min|20251104_min|20251111_min|20251208_min|20251211_min|20251212_min|20251222_min,2025-10-29,-44,min,9076231278,275827192.5164116,0.4306122448979592,1975329562.9172,125492665.58769548,0.5244897959183673,"10/29 min [28140] (dis： -824 , -2.84%) (vol_wei_pr ：52.45%)"
TAIEX-60-20251231,TAIEX,28132.144999999997,-831.4550000000017,-0.02870689417061421,8,20251027_20MA|20251030_20MA|20251104_20MA|20251111_20MA|20251208_20MA|20251211_20MA|20251212_20MA|20251222_20MA,2025-12-31,0,20MA,9768832777,240326014.0841187,0.3673469387755102,9768832777.0,117766272.86721829,0.47346938775510206,"12/31 20MA [28132] (dis： -831 , -2.87%) (vol_wei_pr ：47.35%)"
TAIEX-60-20251231,TAIEX,28119.79,-843.8099999999977,-0.02913346407214565,9,20251027_open|20251030_open|20251104_open|20251111_open|20251208_open|20251211_open|20251212_open|20251215_open|20251222_open,2025-12-15,-11,open,7855274707,258387438.50010318,0.40408163265306124,5365310738.813294,130102589.29049905,0.5673469387755102,"12/15 open [28120] (dis： -844 , -2.91%) (vol_wei_pr ：56.73%)"
TAIEX-60-20251231,TAIEX,28119.79,-843.8099999999977,-0.02913346407214565,9,20251027_max|20251030_max|20251104_max|20251111_max|20251208_max|20251211_max|20251212_max|20251215_max|20251222_max,2025-12-15,-11,max,7855274707,258387438.50010318,0.40408163265306124,5365310738.813294,130102589.29049905,0.5673469387755102,"12/15 max [28120] (dis： -844 , -2.91%) (vol_wei_pr ：56.73%)"
TAIEX-60-20251231,TAIEX,28116.6,-847.0,-0.0292436023146294,9,20251027_min|20251030_min|20251104_min|20251111_min|20251208_min|20251211_min|20251212_min|20251215_min|20251222_min,2025-10-30,-43,min,9446378341,258387438.50010318,0.40408163265306124,2128388212.4557943,130102589.29049905,0.5673469387755102,"10/30 min [28117] (dis： -847 , -2.92%) (vol_wei_pr ：56.73%)"
TAIEX-60-20251231,TAIEX,28116.56,-847.0399999999972,-0.0292449833584222,8,20251027_close|20251104_close|20251111_close|20251208_close|20251211_close|20251212_close|20251215_close|20251222_close,2025-11-04,-40,close,8404740088,235408022.47159296,0.35714285714285715,2101185022.0,124925036.95894367,0.5163265306122449,"11/04 close [28117] (dis： -847 , -2.92%) (vol_wei_pr ：51.63%)"
TAIEX-60-20251231,TAIEX,28097.54,-866.0599999999977,-0.029901669681945537,8,20251027_open|20251104_open|20251111_open|20251208_open|20251211_open|20251212_open|20251215_open|20251222_open,2025-12-12,-12,open,8508400161,235408022.47159296,0.35714285714285715,5613450660.230434,124925036.95894367,0.5163265306122449,"12/12 open [28098] (dis： -866 , -2.99%) (vol_wei_pr ：51.63%)"
TAIEX-60-20251231,TAIEX,28087.93,-875.6699999999983,-0.030233465453189463,9,20251027_max|20251028_max|20251104_max|20251111_max|20251208_max|20251211_max|20251212_max|20251215_max|20251222_max,2025-10-28,-45,max,8579810711,277817249.4549351,0.43673469387755104,1803683017.6088312,133840478.69493704,0.5918367346938775,"10/28 max [28088] (dis： -876 , -3.02%) (vol_wei_pr ：59.18%)"
TAIEX-60-20251231,TAIEX,28071.76,-891.8400000000001,-0.030791752406468816,10,20251027_max|20251028_max|20251104_max|20251111_max|20251112_max|20251208_max|20251211_max|20251212_max|20251215_max|20251222_max,2025-11-12,-34,max,8954069218,310755997.3139698,0.5326530612244897,2755938073.611096,143978567.5472439,0.6632653061224489,"11/12 max [28072] (dis： -892 , -3.08%) (vol_wei_pr ：66.33%)"
TAIEX-60-20251231,TAIEX,28071.34,-892.2599999999984,-0.03080625336629419,10,20251027_min|20251028_min|20251104_min|20251111_min|20251112_min|20251208_min|20251211_min|20251212_min|20251215_min|20251222_min,2025-12-12,-12,min,8508400161,310755997.3139698,0.5326530612244897,5613450660.230434,143978567.5472439,0.6632653061224489,"12/12 min [28071] (dis： -892 , -3.08%) (vol_wei_pr ：66.33%)"
TAIEX-60-20251231,TAIEX,28061.53,-902.0699999999997,-0.031144954356502635,10,20251027_max|20251028_max|20251104_max|20251106_max|20251111_max|20251112_max|20251208_max|20251211_max|20251215_max|20251222_max,2025-11-06,-38,max,7863001986,311610298.4277525,0.5448979591836735,2106839216.1162424,127598856.4537559,0.5448979591836735,"11/06 max [28062] (dis： -902 , -3.11%) (vol_wei_pr ：54.49%)"
TAIEX-60-20251231,TAIEX,28041.01,-922.5900000000001,-0.03185342982225967,10,20251027_open|20251028_open|20251104_open|20251106_open|20251111_open|20251112_open|20251208_open|20251211_open|20251215_open|20251222_open,2025-10-28,-45,open,8579810711,311610298.4277525,0.5448979591836735,1803683017.6088312,127598856.4537559,0.5448979591836735,"10/28 open [28041] (dis： -923 , -3.19%) (vol_wei_pr ：54.49%)"
TAIEX-60-20251231,TAIEX,28038.24,-925.359999999997,-0.031949067104917794,11,20251027_max|20251028_max|20251104_max|20251106_max|20251111_max|20251112_max|20251113_max|20251208_max|20251211_max|20251215_max|20251222_max,2025-11-13,-33,max,10545273898,358182192.16091496,0.7714285714285715,3360147728.6720805,142438531.97675228,0.6448979591836734,"11/13 max [28038] (dis： -925 , -3.19%) (vol_wei_pr ：64.49%)"
TAIEX-60-20251231,TAIEX,28034.0,-929.5999999999985,-0.03209545774696511,11,20251027_open|20251028_open|20251104_open|20251106_open|20251111_open|20251112_open|20251113_open|20251208_open|20251211_open|20251215_open|20251222_open,2025-12-08,-16,open,7603908443,358182192.16091496,0.7714285714285715,4367298560.011084,142438531.97675228,0.6448979591836734,"12/08 open [28034] (dis： -930 , -3.21%) (vol_wei_pr ：64.49%)"
TAIEX-60-20251231,TAIEX,28033.62,-929.9799999999996,-0.03210857766299768,11,20251027_min|20251028_min|20251104_min|20251106_min|20251111_min|20251112_min|20251113_min|20251208_min|20251211_min|20251215_min|20251222_min,2025-11-04,-40,min,8404740088,358182192.16091496,0.7714285714285715,2101185022.0,142438531.97675228,0.6448979591836734,"11/04 min [28034] (dis： -930 , -3.21%) (vol_wei_pr ：64.49%)"
TAIEX-60-20251231,TAIEX,28031.54,-932.0599999999977,-0.03218039194022835,10,20251027_open|20251028_open|20251106_open|20251111_open|20251112_open|20251113_open|20251208_open|20251211_open|20251215_open|20251222_open,2025-11-11,-35,open,8924063428,342049943.7722704,0.673469387755102,2653139930.828294,138405469.8795911,0.6285714285714286,"11/11 open [28032] (dis： -932 , -3.22%) (vol_wei_pr ：62.86%)"
TAIEX-60-20251231,TAIEX,28029.88,-933.7199999999975,-0.032237705257633635,10,20251027_open|20251028_open|20251106_open|20251111_open|20251112_open|20251113_open|20251208_open|20251211_open|20251215_open|20251222_open,2025-10-27,-46,open,9337097751,342049943.7722704,0.673469387755102,1896020005.815542,138405469.8795911,0.6285714285714286,"10/27 open [28030] (dis： -934 , -3.22%) (vol_wei_pr ：62.86%)"
TAIEX-60-20251231,TAIEX,28026.39,-937.2099999999991,-0.0323582013285641,10,20251027_min|20251028_min|20251106_min|20251111_min|20251112_min|20251113_min|20251208_min|20251211_min|20251215_min|20251222_min,2025-12-08,-16,min,7603908443,342049943.7722704,0.673469387755102,4367298560.011084,138405469.8795911,0.6285714285714286,"12/08 min [28026] (dis： -937 , -3.24%) (vol_wei_pr ：62.86%)"
TAIEX-60-20251231,TAIEX,28024.75,-938.8499999999985,-0.03241482412407293,9,20251027_close|20251028_close|20251106_close|20251111_close|20251112_close|20251113_close|20251211_close|20251215_close|20251222_close,2025-12-11,-13,close,8087246896,314637605.75359625,0.5755102040816327,5153843238.525758,122661216.08525431,0.4857142857142857,"12/11 close [28025] (dis： -939 , -3.24%) (vol_wei_pr ：48.57%)"
TAIEX-60-20251231,TAIEX,27993.63,-969.9699999999975,-0.033489276194948056,9,20251027_close|20251028_close|20251106_close|20251111_close|20251112_close|20251113_close|20251211_close|20251215_close|20251222_close,2025-10-27,-46,close,9337097751,314637605.75359625,0.5755102040816327,1896020005.815542,122661216.08525431,0.4857142857142857,"10/27 close [27994] (dis： -970 , -3.35%) (vol_wei_pr ：48.57%)"
TAIEX-60-20251231,TAIEX,27993.63,-969.9699999999975,-0.033489276194948056,9,20251027_min|20251028_min|20251106_min|20251111_min|20251112_min|20251113_min|20251211_min|20251215_min|20251222_min,2025-10-27,-46,min,9337097751,314637605.75359625,0.5755102040816327,1896020005.815542,122661216.08525431,0.4857142857142857,"10/27 min [27994] (dis： -970 , -3.35%) (vol_wei_pr ：48.57%)"
TAIEX-60-20251231,TAIEX,27986.66,-976.9399999999987,-0.033729923075860695,8,20251028_open|20251106_open|20251111_open|20251112_open|20251113_open|20251211_open|20251215_open|20251222_open,2025-12-22,-6,open,8984157012,268573976.0002663,0.42244897959183675,7297403062.237678,113307392.67225216,0.42244897959183675,"12/22 open [27987] (dis： -977 , -3.37%) (vol_wei_pr ：42.24%)"
TAIEX-60-20251231,TAIEX,27986.66,-976.9399999999987,-0.033729923075860695,8,20251028_min|20251106_min|20251111_min|20251112_min|20251113_min|20251211_min|20251215_min|20251222_min,2025-12-22,-6,min,8984157012,268573976.0002663,0.42244897959183675,7297403062.237678,113307392.67225216,0.42244897959183675,"12/22 min [27987] (dis： -977 , -3.37%) (vol_wei_pr ：42.24%)"
TAIEX-60-20251231,TAIEX,27984.19,-979.4099999999999,-0.033815202530072225,7,20251028_min|20251106_min|20251111_min|20251112_min|20251113_min|20251211_min|20251215_min,2025-12-11,-13,min,8087246896,219234874.391172,0.3306122448979592,5153843238.525758,73231589.15620147,0.27755102040816326,"12/11 min [27984] (dis： -979 , -3.38%) (vol_wei_pr ：27.76%)"
TAIEX-60-20251231,TAIEX,27980.89,-982.7099999999991,-0.03392913864298634,7,20251028_close|20251106_close|20251111_close|20251112_close|20251113_close|20251205_close|20251215_close,2025-12-05,-17,close,6781520261,233360539.537217,0.3489795918367347,3762283927.9075823,79925559.05736248,0.29591836734693877,"12/05 close [27981] (dis： -983 , -3.39%) (vol_wei_pr ：29.59%)"
TAIEX-60-20251231,TAIEX,27980.89,-982.7099999999991,-0.03392913864298634,7,20251028_max|20251106_max|20251111_max|20251112_max|20251113_max|20251205_max|20251215_max,2025-12-05,-17,max,6781520261,233360539.537217,0.3489795918367347,3762283927.9075823,79925559.05736248,0.29591836734693877,"12/05 max [27981] (dis： -983 , -3.39%) (vol_wei_pr ：29.59%)"
TAIEX-60-20251231,TAIEX,27976.89,-986.7099999999991,-0.034067243022276206,8,20251028_max|20251106_max|20251110_max|20251111_max|20251112_max|20251113_max|20251205_max|20251215_max,2025-11-10,-36,max,7491028505,258635620.5312111,0.4122448979591837,2151233030.23235,87183920.04741696,0.31020408163265306,"11/10 max [27977] (dis： -987 , -3.41%) (vol_wei_pr ：31.02%)"
TAIEX-60-20251231,TAIEX,27969.05,-994.5499999999993,-0.034337927605684354,9,20251021_max|20251028_max|20251106_max|20251110_max|20251111_max|20251112_max|20251113_max|20251205_max|20251215_max,2025-10-21,-49,max,8507303277,296195458.39876074,0.49387755102040815,1556927629.8658807,94057772.71790649,0.3551020408163265,"10/21 max [27969] (dis： -995 , -3.43%) (vol_wei_pr ：35.51%)"
TAIEX-60-20251231,TAIEX,27949.11,-1014.489999999998,-0.035026377936444295,9,20251021_close|20251028_close|20251106_close|20251110_close|20251111_close|20251112_close|20251113_close|20251205_close|20251215_close,2025-10-28,-45,close,8579810711,296195458.39876074,0.49387755102040815,1803683017.6088312,94057772.71790649,0.3551020408163265,"10/28 close [27949] (dis： -1014 , -3.50%) (vol_wei_pr ：35.51%)"
TAIEX-60-20251231,TAIEX,27947.09,-1016.5099999999984,-0.035096120647985694,9,20251021_close|20251028_close|20251106_close|20251110_close|20251111_close|20251112_close|20251113_close|20251205_close|20251215_close,2025-11-12,-34,close,8954069218,296195458.39876074,0.49387755102040815,2755938073.611096,94057772.71790649,0.3551020408163265,"11/12 close [27947] (dis： -1017 , -3.51%) (vol_wei_pr ：35.51%)"
TAIEX-60-20251231,TAIEX,27906.44,-1057.1599999999999,-0.03649960640251902,9,20251021_open|20251028_open|20251106_open|20251110_open|20251111_open|20251112_open|20251113_open|20251205_open|20251215_open,2025-11-06,-38,open,7863001986,296195458.39876074,0.49387755102040815,2106839216.1162424,94057772.71790649,0.3551020408163265,"11/06 open [27906] (dis： -1057 , -3.65%) (vol_wei_pr ：35.51%)"
TAIEX-60-20251231,TAIEX,27903.56,-1060.0399999999972,-0.036599041555607635,9,20251021_close|20251028_close|20251106_close|20251110_close|20251111_close|20251112_close|20251113_close|20251205_close|20251215_close,2025-11-13,-33,close,10545273898,296195458.39876074,0.49387755102040815,3360147728.6720805,94057772.71790649,0.3551020408163265,"11/13 close [27904] (dis： -1060 , -3.66%) (vol_wei_pr ：35.51%)"
TAIEX-60-20251231,TAIEX,27899.45,-1064.1499999999978,-0.036740943805328,9,20251021_close|20251028_close|20251106_close|20251110_close|20251111_close|20251112_close|20251113_close|20251205_close|20251215_close,2025-11-06,-38,close,7863001986,296195458.39876074,0.49387755102040815,2106839216.1162424,94057772.71790649,0.3551020408163265,"11/06 close [27899] (dis： -1064 , -3.67%) (vol_wei_pr ：35.51%)"
TAIEX-60-20251231,TAIEX,27885.62,-1077.9799999999996,-0.03721843969672277,9,20251021_min|20251028_min|20251106_min|20251110_min|20251111_min|20251112_min|20251113_min|20251205_min|20251215_min,2025-10-28,-45,min,8579810711,296195458.39876074,0.49387755102040815,1803683017.6088312,94057772.71790649,0.3551020408163265,"10/28 min [27886] (dis： -1078 , -3.72%) (vol_wei_pr ：35.51%)"
TAIEX-60-20251231,TAIEX,27880.23,-1083.369999999999,-0.03740453534781585,9,20251021_max|20251106_max|20251110_max|20251111_max|20251112_max|20251113_max|20251204_max|20251205_max|20251215_max,2025-12-04,-18,max,6475222009,280367602.5525288,0.44285714285714284,3469985556.6385713,99386935.07320453,0.3816326530612245,"12/04 max [27880] (dis： -1083 , -3.74%) (vol_wei_pr ：38.16%)"
TAIEX-60-20251231,TAIEX,27879.7,-1083.8999999999978,-0.03742283417807171,9,20251021_min|20251106_min|20251110_min|20251111_min|20251112_min|20251113_min|20251204_min|20251205_min|20251215_min,2025-11-06,-38,min,7863001986,280367602.5525288,0.44285714285714284,2106839216.1162424,99386935.07320453,0.3816326530612245,"11/06 min [27880] (dis： -1084 , -3.74%) (vol_wei_pr ：38.16%)"
TAIEX-60-20251231,TAIEX,27869.78,-1093.8199999999997,-0.03776533303871065,9,20251021_max|20251110_max|20251111_max|20251112_max|20251113_max|20251204_max|20251205_max|20251215_max|20251219_max,2025-12-19,-7,max,9145168124,283374689.523086,0.45714285714285713,7175153482.68266,124087704.56766406,0.5020408163265306,"12/19 max [27870] (dis： -1094 , -3.78%) (vol_wei_pr ：50.20%)"
TAIEX-60-20251231,TAIEX,27869.51,-1094.0900000000001,-0.03777465508431273,9,20251021_close|20251110_close|20251111_close|20251112_close|20251113_close|20251204_close|20251205_close|20251215_close|20251219_close,2025-11-10,-36,close,7491028505,283374689.523086,0.45714285714285713,2151233030.23235,124087704.56766406,0.5020408163265306,"11/10 close [27870] (dis： -1094 , -3.78%) (vol_wei_pr ：50.20%)"
TAIEX-60-20251231,TAIEX,27867.59,-1096.0099999999984,-0.03784094518637181,9,20251021_open|20251110_open|20251111_open|20251112_open|20251113_open|20251204_open|20251205_open|20251215_open|20251219_open,2025-11-13,-33,open,10545273898,283374689.523086,0.45714285714285713,3360147728.6720805,124087704.56766406,0.5020408163265306,"11/13 open [27868] (dis： -1096 , -3.78%) (vol_wei_pr ：50.20%)"
TAIEX-60-20251231,TAIEX,27866.94,-1096.6599999999999,-0.03786338714800646,9,20251021_close|20251110_close|20251111_close|20251112_close|20251113_close|20251204_close|20251205_close|20251215_close|20251219_close,2025-12-15,-11,close,7855274707,283374689.523086,0.45714285714285713,5365310738.813294,124087704.56766406,0.5020408163265306,"12/15 close [27867] (dis： -1097 , -3.79%) (vol_wei_pr ：50.20%)"
TAIEX-60-20251231,TAIEX,27853.47,-1110.1299999999974,-0.038328453645265,9,20251021_open|20251110_open|20251111_open|20251112_open|20251113_open|20251204_open|20251205_open|20251215_open|20251219_open,2025-11-12,-34,open,8954069218,283374689.523086,0.45714285714285713,2755938073.611096,124087704.56766406,0.5020408163265306,"11/12 open [27853] (dis： -1110 , -3.83%) (vol_wei_pr ：50.20%)"
TAIEX-60-20251231,TAIEX,27847.67,-1115.9300000000003,-0.03852870499523541,10,20251021_max|20251110_max|20251111_max|20251112_max|20251113_max|20251203_max|20251204_max|20251205_max|20251215_max|20251219_max,2025-12-03,-19,max,6838633055,311628833.6934714,0.5510204081632653,3539898464.4318514,138712966.77404273,0.636734693877551,"12/03 max [27848] (dis： -1116 , -3.85%) (vol_wei_pr ：63.67%)"
TAIEX-60-20251231,TAIEX,27818.54,-1145.0599999999977,-0.03953445013741378,11,20251021_open|20251107_open|20251110_open|20251111_open|20251112_open|20251113_open|20251203_open|20251204_open|20251205_open|20251215_open|20251219_open,2025-11-07,-37,open,7878592276,351609511.0303228,0.736734693877551,2185461368.0797806,149803301.535434,0.6877551020408164,"11/07 open [27819] (dis： -1145 , -3.95%) (vol_wei_pr ：68.78%)"
TAIEX-60-20251231,TAIEX,27818.54,-1145.0599999999977,-0.03953445013741378,11,20251021_max|20251107_max|20251110_max|20251111_max|20251112_max|20251113_max|20251203_max|20251204_max|20251205_max|20251215_max|20251219_max,2025-11-07,-37,max,7878592276,351609511.0303228,0.736734693877551,2185461368.0797806,149803301.535434,0.6877551020408164,"11/07 max [27819] (dis： -1145 , -3.95%) (vol_wei_pr ：68.78%)"
TAIEX-60-20251231,TAIEX,27816.45,-1147.1499999999978,-0.03960660967559274,12,20251021_open|20251107_open|20251110_open|20251111_open|20251112_open|20251113_open|20251114_open|20251203_open|20251204_open|20251205_open|20251215_open|20251219_open,2025-11-14,-32,open,9939352945,374558306.8212304,0.8244897959183674,3278763709.7228413,157373580.93263757,0.7795918367346939,"11/14 open [27816] (dis： -1147 , -3.96%) (vol_wei_pr ：77.96%)"
TAIEX-60-20251231,TAIEX,27816.45,-1147.1499999999978,-0.03960660967559274,12,20251021_max|20251107_max|20251110_max|20251111_max|20251112_max|20251113_max|20251114_max|20251203_max|20251204_max|20251205_max|20251215_max|20251219_max,2025-11-14,-32,max,9939352945,374558306.8212304,0.8244897959183674,3278763709.7228413,157373580.93263757,0.7795918367346939,"11/14 max [27816] (dis： -1147 , -3.96%) (vol_wei_pr ：77.96%)"
TAIEX-60-20251231,TAIEX,27811.81,-1151.7899999999972,-0.03976681075556897,12,20251021_min|20251107_min|20251110_min|20251111_min|20251112_min|20251113_min|20251114_min|20251203_min|20251204_min|20251205_min|20251215_min|20251219_min,2025-11-13,-33,min,10545273898,374558306.8212304,0.8244897959183674,3360147728.6720805,157373580.93263757,0.7795918367346939,"11/13 min [27812] (dis： -1152 , -3.98%) (vol_wei_pr ：77.96%)"
TAIEX-60-20251231,TAIEX,27805.47,-1158.1299999999974,-0.03998570619674341,11,20251021_open|20251107_open|20251110_open|20251111_open|20251112_open|20251114_open|20251203_open|20251204_open|20251205_open|20251215_open|20251219_open,2025-11-10,-36,open,7491028505,327986413.0880679,0.6020408163265306,2151233030.23235,142533905.40964118,0.6551020408163265,"11/10 open [27805] (dis： -1158 , -4.00%) (vol_wei_pr ：65.51%)"
TAIEX-60-20251231,TAIEX,27799.92,-1163.6800000000003,-0.0401773260230082,11,20251021_min|20251107_min|20251110_min|20251111_min|20251112_min|20251114_min|20251203_min|20251204_min|20251205_min|20251215_min|20251219_min,2025-11-12,-34,min,8954069218,327986413.0880679,0.6020408163265306,2755938073.611096,142533905.40964118,0.6551020408163265,"11/12 min [27800] (dis： -1164 , -4.02%) (vol_wei_pr ：65.51%)"
TAIEX-60-20251231,TAIEX,27799.09,-1164.5099999999984,-0.040205982681710786,11,20251021_max|20251105_max|20251107_max|20251110_max|20251111_max|20251114_max|20251203_max|20251204_max|20251205_max|20251215_max|20251219_max,2025-11-05,-39,max,8989778518,316148450.4088285,0.5836734693877551,2326700593.1970305,137857042.24787283,0.6163265306122448,"11/05 max [27799] (dis： -1165 , -4.02%) (vol_wei_pr ：61.63%)"
TAIEX-60-20251231,TAIEX,27796.9,-1166.699999999997,-0.04028159482937194,12,20251021_max|20251105_max|20251107_max|20251110_max|20251111_max|20251114_max|20251128_max|20251203_max|20251204_max|20251205_max|20251215_max|20251219_max,2025-11-28,-22,max,7671742311,349391115.7654448,0.7183673469387755,3578994339.3659153,153365294.0000432,0.7510204081632653,"11/28 max [27797] (dis： -1167 , -4.03%) (vol_wei_pr ：75.10%)"
TAIEX-60-20251231,TAIEX,27796.43,-1167.1699999999983,-0.04029782209393854,12,20251021_open|20251105_open|20251107_open|20251110_open|20251111_open|20251114_open|20251128_open|20251203_open|20251204_open|20251205_open|20251215_open|20251219_open,2025-12-05,-17,open,6781520261,349391115.7654448,0.7183673469387755,3762283927.9075823,153365294.0000432,0.7510204081632653,"12/05 open [27796] (dis： -1167 , -4.03%) (vol_wei_pr ：75.10%)"
TAIEX-60-20251231,TAIEX,27795.71,-1167.8899999999994,-0.040322680882210755,12,20251021_close|20251105_close|20251107_close|20251110_close|20251111_close|20251114_close|20251128_close|20251203_close|20251204_close|20251205_close|20251215_close|20251219_close,2025-12-04,-18,close,6475222009,349391115.7654448,0.7183673469387755,3469985556.6385713,153365294.0000432,0.7510204081632653,"12/04 close [27796] (dis： -1168 , -4.03%) (vol_wei_pr ：75.10%)"
TAIEX-60-20251231,TAIEX,27793.04,-1170.5599999999977,-0.04041486555538668,12,20251021_close|20251105_close|20251107_close|20251110_close|20251111_close|20251114_close|20251128_close|20251203_close|20251204_close|20251205_close|20251215_close|20251219_close,2025-12-03,-19,close,6838633055,349391115.7654448,0.7183673469387755,3539898464.4318514,153365294.0000432,0.7510204081632653,"12/03 close [27793] (dis： -1171 , -4.04%) (vol_wei_pr ：75.10%)"
TAIEX-60-20251231,TAIEX,27785.91,-1177.6899999999987,-0.040661036611470906,12,20251021_open|20251105_open|20251107_open|20251110_open|20251111_open|20251114_open|20251128_open|20251203_open|20251204_open|20251205_open|20251215_open|20251219_open,2025-11-05,-39,open,8989778518,349391115.7654448,0.7183673469387755,2326700593.1970305,153365294.0000432,0.7510204081632653,"11/05 open [27786] (dis： -1178 , -4.07%) (vol_wei_pr ：75.10%)"
TAIEX-60-20251231,TAIEX,27784.95,-1178.6499999999978,-0.040694181662500446,12,20251021_close|20251105_close|20251107_close|20251110_close|20251111_close|20251114_close|20251128_close|20251203_close|20251204_close|20251205_close|20251215_close|20251219_close,2025-11-11,-35,close,8924063428,349391115.7654448,0.7183673469387755,2653139930.828294,153365294.0000432,0.7510204081632653,"11/11 close [27785] (dis： -1179 , -4.07%) (vol_wei_pr ：75.10%)"
TAIEX-60-20251231,TAIEX,27784.95,-1178.6499999999978,-0.040694181662500446,12,20251021_min|20251105_min|20251107_min|20251110_min|20251111_min|20251114_min|20251128_min|20251203_min|20251204_min|20251205_min|20251215_min|20251219_min,2025-11-11,-35,min,8924063428,349391115.7654448,0.7183673469387755,2653139930.828294,153365294.0000432,0.7510204081632653,"11/11 min [27785] (dis： -1179 , -4.07%) (vol_wei_pr ：75.10%)"
TAIEX-60-20251231,TAIEX,27780.69,-1182.9099999999999,-0.04084126282644422,12,20251021_max|20251105_max|20251107_max|20251110_max|20251114_max|20251128_max|20251203_max|20251204_max|20251205_max|20251215_max|20251217_max|20251219_max,2025-12-17,-9,max,9020647323,356230197.70332116,0.7571428571428571,6603500356.887249,168004710.9138283,0.8387755102040816,"12/17 max [27781] (dis： -1183 , -4.08%) (vol_wei_pr ：83.88%)"
TAIEX-60-20251231,TAIEX,27773.42,-1190.1800000000003,-0.04109226753580357,12,20251021_open|20251105_open|20251107_open|20251110_open|20251114_open|20251128_open|20251203_open|20251204_open|20251205_open|20251215_open|20251217_open|20251219_open,2025-12-04,-18,open,6475222009,356230197.70332116,0.7571428571428571,3469985556.6385713,168004710.9138283,0.8387755102040816,"12/04 open [27773] (dis： -1190 , -4.11%) (vol_wei_pr ：83.88%)"
TAIEX-60-20251231,TAIEX,27768.27,-1195.329999999998,-0.0412700769241392,13,20251020_max|20251021_max|20251105_max|20251107_max|20251110_max|20251114_max|20251128_max|20251203_max|20251204_max|20251205_max|20251215_max|20251217_max|20251219_max,2025-10-20,-50,max,8045886081,378842434.4550496,0.8387755102040816,1422325152.132389,172002027.400064,0.8795918367346939,"10/20 max [27768] (dis： -1195 , -4.13%) (vol_wei_pr ：87.96%)"
TAIEX-60-20251231,TAIEX,27752.41,-1211.1899999999987,-0.04181766078802354,13,20251020_close|20251021_close|20251105_close|20251107_close|20251110_close|20251114_close|20251128_close|20251203_close|20251204_close|20251205_close|20251215_close|20251217_close|20251219_close,2025-10-21,-49,close,8507303277,378842434.4550496,0.8387755102040816,1556927629.8658807,172002027.400064,0.8795918367346939,"10/21 close [27752] (dis： -1211 , -4.18%) (vol_wei_pr ：87.96%)"
TAIEX-60-20251231,TAIEX,27742.55,-1221.0499999999993,-0.04215808808297309,13,20251020_open|20251021_open|20251105_open|20251107_open|20251110_open|20251114_open|20251128_open|20251203_open|20251204_open|20251205_open|20251215_open|20251217_open|20251219_open,2025-10-21,-49,open,8507303277,378842434.4550496,0.8387755102040816,1556927629.8658807,172002027.400064,0.8795918367346939,"10/21 open [27743] (dis： -1221 , -4.22%) (vol_wei_pr ：87.96%)"
TAIEX-60-20251231,TAIEX,27742.55,-1221.0499999999993,-0.04215808808297309,13,20251020_min|20251021_min|20251105_min|20251107_min|20251110_min|20251114_min|20251128_min|20251203_min|20251204_min|20251205_min|20251215_min|20251217_min|20251219_min,2025-10-21,-49,min,8507303277,378842434.4550496,0.8387755102040816,1556927629.8658807,172002027.400064,0.8795918367346939,"10/21 min [27743] (dis： -1221 , -4.22%) (vol_wei_pr ：87.96%)"
TAIEX-60-20251231,TAIEX,27741.89,-1221.7099999999991,-0.042180875305555914,13,20251020_max|20251105_max|20251107_max|20251110_max|20251114_max|20251128_max|20251202_max|20251203_max|20251204_max|20251205_max|20251215_max|20251217_max|20251219_max,2025-12-02,-20,max,7321099919,368931299.027169,0.8122448979591836,3660549959.5,178952525.949409,0.9142857142857143,"12/02 max [27742] (dis： -1222 , -4.22%) (vol_wei_pr ：91.43%)"
TAIEX-60-20251231,TAIEX,27740.66,-1222.9399999999987,-0.04222334240218753,14,20251020_max|20251105_max|20251107_max|20251110_max|20251114_max|20251128_max|20251202_max|20251203_max|20251204_max|20251205_max|20251215_max|20251216_max|20251217_max|20251219_max,2025-12-16,-10,max,9586999810,393833244.03872764,0.8673469387755102,6779032576.885143,196560860.13181663,0.9571428571428572,"12/16 max [27741] (dis： -1223 , -4.22%) (vol_wei_pr ：95.71%)"
TAIEX-60-20251231,TAIEX,27738.5,-1225.0999999999985,-0.042297918767004054,14,20251020_min|20251105_min|20251107_min|20251110_min|20251114_min|20251128_min|20251202_min|20251203_min|20251204_min|20251205_min|20251215_min|20251216_min|20251217_min|20251219_min,2025-12-05,-17,min,6781520261,393833244.03872764,0.8673469387755102,3762283927.9075823,196560860.13181663,0.9571428571428572,"12/05 min [27738] (dis： -1225 , -4.23%) (vol_wei_pr ：95.71%)"
TAIEX-60-20251231,TAIEX,27732.78,-1230.8199999999997,-0.0424954080293886,14,20251016_max|20251020_max|20251105_max|20251107_max|20251110_max|20251114_max|20251128_max|20251202_max|20251203_max|20251204_max|20251215_max|20251216_max|20251217_max|20251219_max,2025-10-16,-52,max,9035460141,388703495.97598195,0.8530612244897959,1490295141.6903343,184807756.94908097,0.9387755102040817,"10/16 max [27733] (dis： -1231 , -4.25%) (vol_wei_pr ：93.88%)"
TAIEX-60-20251231,TAIEX,27725.83,-1237.7699999999968,-0.04273536438840465,15,20251016_max|20251020_max|20251022_max|20251105_max|20251107_max|20251110_max|20251114_max|20251128_max|20251202_max|20251203_max|20251204_max|20251215_max|20251216_max|20251217_max|20251219_max,2025-10-22,-48,max,7835590935,422054951.3901299,0.9428571428571428,1484566873.5722754,191126676.13513812,0.9428571428571428,"10/22 max [27726] (dis： -1238 , -4.27%) (vol_wei_pr ：94.29%)"
TAIEX-60-20251231,TAIEX,27723.77,-1239.829999999998,-0.042806488143738976,16,20251016_max|20251020_max|20251022_max|20251105_max|20251107_max|20251110_max|20251114_max|20251117_max|20251128_max|20251202_max|20251203_max|20251204_max|20251215_max|20251216_max|20251217_max|20251219_max,2025-11-17,-31,max,8604107358,453177382.69303095,0.9693877551020408,2938389256.116176,201755299.6470971,0.9734693877551021,"11/17 max [27724] (dis： -1240 , -4.28%) (vol_wei_pr ：97.35%)"
TAIEX-60-20251231,TAIEX,27721.1,-1242.5,-0.04289867281691503,16,20251016_open|20251020_open|20251022_open|20251105_open|20251107_open|20251110_open|20251114_open|20251117_open|20251128_open|20251202_open|20251203_open|20251204_open|20251215_open|20251216_open|20251217_open|20251219_open,2025-12-16,-10,open,9586999810,453177382.69303095,0.9693877551020408,6779032576.885143,201755299.6470971,0.9734693877551021,"12/16 open [27721] (dis： -1242 , -4.29%) (vol_wei_pr ：97.35%)"
TAIEX-60-20251231,TAIEX,27717.06,-1246.5399999999972,-0.043038158239997695,16,20251016_close|20251020_close|20251022_close|20251105_close|20251107_close|20251110_close|20251114_close|20251117_close|20251128_close|20251202_close|20251203_close|20251204_close|20251215_close|20251216_close|20251217_close|20251219_close,2025-11-05,-39,close,8989778518,453177382.69303095,0.9693877551020408,2326700593.1970305,201755299.6470971,0.9734693877551021,"11/05 close [27717] (dis： -1247 , -4.30%) (vol_wei_pr ：97.35%)"
TAIEX-60-20251231,TAIEX,27708.081499999997,-1255.518500000002,-0.04334815078236138,16,20251016_60MA|20251020_60MA|20251022_60MA|20251105_60MA|20251107_60MA|20251110_60MA|20251114_60MA|20251117_60MA|20251128_60MA|20251202_60MA|20251203_60MA|20251204_60MA|20251215_60MA|20251216_60MA|20251217_60MA|20251219_60MA,2025-12-31,0,60MA,9768832777,453177382.69303095,0.9693877551020408,9768832777.0,201755299.6470971,0.9734693877551021,"12/31 60MA [27708] (dis： -1256 , -4.33%) (vol_wei_pr ：97.35%)"
TAIEX-60-20251231,TAIEX,27697.06,-1266.5399999999972,-0.04372868013644703,17,20251016_max|20251020_max|20251022_max|20251105_max|20251107_max|20251110_max|20251114_max|20251117_max|20251128_max|20251201_max|20251202_max|20251203_max|20251204_max|20251215_max|20251216_max|20251217_max|20251219_max,2025-12-01,-21,max,7418235597,474101523.3778812,0.9918367346938776,3582771629.8328953,211860993.46661273,0.9918367346938776,"12/01 max [27697] (dis： -1267 , -4.37%) (vol_wei_pr ：99.18%)"
TAIEX-60-20251231,TAIEX,27696.35,-1267.25,-0.04375319366377108,17,20251016_close|20251020_close|20251022_close|20251105_close|20251107_close|20251110_close|20251114_close|20251117_close|20251128_close|20251201_close|20251202_close|20251203_close|20251204_close|20251215_close|20251216_close|20251217_close|20251219_close,2025-12-19,-7,close,9145168124,474101523.3778812,0.9918367346938776,7175153482.68266,211860993.46661273,0.9918367346938776,"12/19 close [27696] (dis： -1267 , -4.38%) (vol_wei_pr ：99.18%)"
TAIEX-60-20251231,TAIEX,27688.63,-1274.9699999999975,-0.044019735115800436,17,20251016_close|20251020_close|20251022_close|20251105_close|20251107_close|20251110_close|20251114_close|20251117_close|20251128_close|20251201_close|20251202_close|20251203_close|20251204_close|20251215_close|20251216_close|20251217_close|20251219_close,2025-10-20,-50,close,8045886081,474101523.3778812,0.9918367346938776,1422325152.132389,211860993.46661273,0.9918367346938776,"10/20 close [27689] (dis： -1275 , -4.40%) (vol_wei_pr ：99.18%)"
TAIEX-60-20251231,TAIEX,27685.74,-1277.859999999997,-0.044119515529837346,17,20251016_open|20251020_open|20251022_open|20251105_open|20251107_open|20251110_open|20251114_open|20251117_open|20251128_open|20251201_open|20251202_open|20251203_open|20251204_open|20251215_open|20251216_open|20251217_open|20251219_open,2025-12-19,-7,open,9145168124,474101523.3778812,0.9918367346938776,7175153482.68266,211860993.46661273,0.9918367346938776,"12/19 open [27686] (dis： -1278 , -4.41%) (vol_wei_pr ：99.18%)"
TAIEX-60-20251231,TAIEX,27684.87,-1278.7299999999996,-0.04414955323233299,17,20251016_min|20251020_min|20251022_min|20251105_min|20251107_min|20251110_min|20251114_min|20251117_min|20251128_min|20251201_min|20251202_min|20251203_min|20251204_min|20251215_min|20251216_min|20251217_min|20251219_min,2025-12-15,-11,min,7855274707,474101523.3778812,0.9918367346938776,5365310738.813294,211860993.46661273,0.9918367346938776,"12/15 min [27685] (dis： -1279 , -4.41%) (vol_wei_pr ：99.18%)"
TAIEX-60-20251231,TAIEX,27680.51,-1283.0900000000001,-0.04430008700575896,16,20251016_min|20251020_min|20251022_min|20251105_min|20251107_min|20251110_min|20251114_min|20251117_min|20251128_min|20251201_min|20251202_min|20251203_min|20251204_min|20251216_min|20251217_min|20251219_min,2025-11-10,-36,min,7491028505,456040098.9618968,0.9795918367346939,2151233030.23235,199524677.04333198,0.963265306122449,"11/10 min [27681] (dis： -1283 , -4.43%) (vol_wei_pr ：96.33%)"
TAIEX-60-20251231,TAIEX,27674.16,-1289.4399999999987,-0.04451932770788158,15,20251016_open|20251020_open|20251022_open|20251105_open|20251107_open|20251114_open|20251117_open|20251128_open|20251201_open|20251202_open|20251203_open|20251204_open|20251216_open|20251217_open|20251219_open,2025-12-01,-21,open,7418235597,430765017.96790266,0.9489795918367347,3582771629.8328953,192266316.0532775,0.9489795918367347,"12/01 open [27674] (dis： -1289 , -4.45%) (vol_wei_pr ：94.90%)"
TAIEX-60-20251231,TAIEX,27672.05,-1291.5499999999993,-0.044592177767957,15,20251016_min|20251020_min|20251022_min|20251105_min|20251107_min|20251114_min|20251117_min|20251128_min|20251201_min|20251202_min|20251203_min|20251204_min|20251216_min|20251217_min|20251219_min,2025-12-19,-7,min,9145168124,430765017.96790266,0.9489795918367347,7175153482.68266,192266316.0532775,0.9489795918367347,"12/19 min [27672] (dis： -1292 , -4.46%) (vol_wei_pr ：94.90%)"
TAIEX-60-20251231,TAIEX,27659.06,-1304.5399999999972,-0.04504067173970077,15,20251016_max|20251020_max|20251022_max|20251105_max|20251107_max|20251114_max|20251117_max|20251127_max|20251128_max|20251201_max|20251202_max|20251203_max|20251204_max|20251216_max|20251217_max,2025-11-27,-23,max,7539156843,418402651.11982167,0.926530612244898,3397334296.2246785,171249661.20968407,0.8530612244897959,"11/27 max [27659] (dis： -1305 , -4.50%) (vol_wei_pr ：85.31%)"
TAIEX-60-20251231,TAIEX,27651.41,-1312.1899999999987,-0.045304796365092694,15,20251016_close|20251020_close|20251022_close|20251105_close|20251107_close|20251114_close|20251117_close|20251127_close|20251128_close|20251201_close|20251202_close|20251203_close|20251204_close|20251216_close|20251217_close,2025-11-07,-37,close,7878592276,418402651.11982167,0.926530612244898,2185461368.0797806,171249661.20968407,0.8530612244897959,"11/07 close [27651] (dis： -1312 , -4.53%) (vol_wei_pr ：85.31%)"
TAIEX-60-20251231,TAIEX,27648.91,-1314.6899999999987,-0.04539111160214886,15,20251016_close|20251020_close|20251022_close|20251105_close|20251107_close|20251114_close|20251117_close|20251127_close|20251128_close|20251201_close|20251202_close|20251203_close|20251204_close|20251216_close|20251217_close,2025-10-22,-48,close,7835590935,418402651.11982167,0.926530612244898,1484566873.5722754,171249661.20968407,0.8530612244897959,"10/22 close [27649] (dis： -1315 , -4.54%) (vol_wei_pr ：85.31%)"
TAIEX-60-20251231,TAIEX,27647.87,-1315.7299999999996,-0.045427018740764255,15,20251016_close|20251020_close|20251022_close|20251105_close|20251107_close|20251114_close|20251117_close|20251127_close|20251128_close|20251201_close|20251202_close|20251203_close|20251204_close|20251216_close|20251217_close,2025-10-16,-52,close,9035460141,418402651.11982167,0.926530612244898,1490295141.6903343,171249661.20968407,0.8530612244897959,"10/16 close [27648] (dis： -1316 , -4.54%) (vol_wei_pr ：85.31%)"
TAIEX-60-20251231,TAIEX,27636.63,-1326.9699999999975,-0.045815092046568716,15,20251016_min|20251020_min|20251022_min|20251105_min|20251107_min|20251114_min|20251117_min|20251127_min|20251128_min|20251201_min|20251202_min|20251203_min|20251204_min|20251216_min|20251217_min,2025-12-04,-18,min,6475222009,418402651.11982167,0.926530612244898,3469985556.6385713,171249661.20968407,0.8530612244897959,"12/04 min [27637] (dis： -1327 , -4.58%) (vol_wei_pr ：85.31%)"
TAIEX-60-20251231,TAIEX,27626.48,-1337.119999999999,-0.0461655319090168,14,20251016_close|20251020_close|20251022_close|20251105_close|20251107_close|20251114_close|20251117_close|20251127_close|20251128_close|20251201_close|20251202_close|20251203_close|20251216_close|20251217_close,2025-11-28,-22,close,7671742311,391821279.9827115,0.8591836734693877,3578994339.3659153,157005057.11839265,0.7693877551020408,"11/28 close [27626] (dis： -1337 , -4.62%) (vol_wei_pr ：76.94%)"
TAIEX-60-20251231,TAIEX,27621.48,-1342.119999999999,-0.046338162383129135,14,20251016_min|20251020_min|20251022_min|20251105_min|20251107_min|20251114_min|20251117_min|20251127_min|20251128_min|20251201_min|20251202_min|20251203_min|20251216_min|20251217_min,2025-11-07,-37,min,7878592276,391821279.9827115,0.8591836734693877,2185461368.0797806,157005057.11839265,0.7693877551020408,"11/07 min [27621] (dis： -1342 , -4.63%) (vol_wei_pr ：76.94%)"
TAIEX-60-20251231,TAIEX,27614.11,-1349.489999999998,-0.046592619701970685,13,20251016_open|20251020_open|20251022_open|20251105_open|20251114_open|20251117_open|20251127_open|20251128_open|20251201_open|20251202_open|20251203_open|20251216_open|20251217_open,2025-10-22,-48,open,7835590935,351840602.64586,0.746938775510204,1484566873.5722754,145914722.35700136,0.673469387755102,"10/22 open [27614] (dis： -1349 , -4.66%) (vol_wei_pr ：67.35%)"
TAIEX-60-20251231,TAIEX,27605.63,-1357.9699999999975,-0.04688540098606519,13,20251016_open|20251020_open|20251022_open|20251105_open|20251114_open|20251117_open|20251127_open|20251128_open|20251201_open|20251202_open|20251203_open|20251216_open|20251217_open,2025-12-03,-19,open,6838633055,351840602.64586,0.746938775510204,3539898464.4318514,145914722.35700136,0.673469387755102,"12/03 open [27606] (dis： -1358 , -4.69%) (vol_wei_pr ：67.35%)"
TAIEX-60-20251231,TAIEX,27605.63,-1357.9699999999975,-0.04688540098606519,13,20251016_min|20251020_min|20251022_min|20251105_min|20251114_min|20251117_min|20251127_min|20251128_min|20251201_min|20251202_min|20251203_min|20251216_min|20251217_min,2025-12-03,-19,min,6838633055,351840602.64586,0.746938775510204,3539898464.4318514,145914722.35700136,0.673469387755102,"12/03 min [27606] (dis： -1358 , -4.69%) (vol_wei_pr ：67.35%)"
TAIEX-60-20251231,TAIEX,27600.74,-1362.859999999997,-0.04705423358974703,12,20251016_open|20251020_open|20251022_open|20251105_open|20251114_open|20251117_open|20251127_open|20251128_open|20251201_open|20251202_open|20251216_open|20251217_open,2025-11-17,-31,open,8604107358,323586458.47547466,0.5938775510204082,2938389256.116176,131289460.1506227,0.5816326530612245,"11/17 open [27601] (dis： -1363 , -4.71%) (vol_wei_pr ：58.16%)"
TAIEX-60-20251231,TAIEX,27596.18,-1367.4199999999983,-0.04721167258213752,12,20251016_open|20251020_open|20251022_open|20251105_open|20251114_open|20251117_open|20251127_open|20251128_open|20251201_open|20251202_open|20251216_open|20251217_open,2025-12-17,-9,open,9020647323,323586458.47547466,0.5938775510204082,6603500356.887249,131289460.1506227,0.5816326530612245,"12/17 open [27596] (dis： -1367 , -4.72%) (vol_wei_pr ：58.16%)"
TAIEX-60-20251231,TAIEX,27586.85,-1376.75,-0.0475338010468312,13,20251016_max|20251020_max|20251022_max|20251023_max|20251105_max|20251114_max|20251117_max|20251127_max|20251128_max|20251201_max|20251202_max|20251216_max|20251217_max,2025-10-23,-47,max,7318554768,357597773.5047524,0.763265306122449,1435505422.639811,137960644.38075474,0.6204081632653061,"10/23 max [27587] (dis： -1377 , -4.75%) (vol_wei_pr ：62.04%)"
TAIEX-60-20251231,TAIEX,27569.44,-1394.1599999999999,-0.04813490035769034,14,20251016_max|20251020_max|20251022_max|20251023_max|20251105_max|20251114_max|20251117_max|20251127_max|20251128_max|20251201_max|20251202_max|20251216_max|20251217_max|20251218_max,2025-12-18,-8,max,8450315748,396241921.0695764,0.8775510204081632,6404141785.743653,167247431.71209285,0.8285714285714286,"12/18 max [27569] (dis： -1394 , -4.81%) (vol_wei_pr ：82.86%)"
TAIEX-60-20251231,TAIEX,27566.12,-1397.4799999999996,-0.04824952699250092,14,20251016_open|20251020_open|20251022_open|20251023_open|20251105_open|20251114_open|20251117_open|20251127_open|20251128_open|20251201_open|20251202_open|20251216_open|20251217_open|20251218_open,2025-11-28,-22,open,7671742311,396241921.0695764,0.8775510204081632,3578994339.3659153,167247431.71209285,0.8285714285714286,"11/28 open [27566] (dis： -1397 , -4.82%) (vol_wei_pr ：82.86%)"
TAIEX-60-20251231,TAIEX,27566.12,-1397.4799999999996,-0.04824952699250092,14,20251016_min|20251020_min|20251022_min|20251023_min|20251105_min|20251114_min|20251117_min|20251127_min|20251128_min|20251201_min|20251202_min|20251216_min|20251217_min|20251218_min,2025-11-28,-22,min,7671742311,396241921.0695764,0.8775510204081632,3578994339.3659153,167247431.71209285,0.8285714285714286,"11/28 min [27566] (dis： -1397 , -4.82%) (vol_wei_pr ：82.86%)"
TAIEX-60-20251231,TAIEX,27564.27,-1399.329999999998,-0.048313400267922434,13,20251016_close|20251020_close|20251022_close|20251023_close|20251105_close|20251114_close|20251117_close|20251127_close|20251201_close|20251202_close|20251216_close|20251217_close|20251218_close,2025-12-02,-20,close,7321099919,362999255.7129601,0.7959183673469388,3660549959.5,151739179.95992246,0.710204081632653,"12/02 close [27564] (dis： -1399 , -4.83%) (vol_wei_pr ：71.02%)"
TAIEX-60-20251231,TAIEX,27554.53,-1409.0699999999997,-0.04864968443149331,13,20251016_close|20251020_close|20251022_close|20251023_close|20251105_close|20251114_close|20251117_close|20251127_close|20251201_close|20251202_close|20251216_close|20251217_close|20251218_close,2025-11-27,-23,close,7539156843,362999255.7129601,0.7959183673469388,3397334296.2246785,151739179.95992246,0.710204081632653,"11/27 close [27555] (dis： -1409 , -4.86%) (vol_wei_pr ：71.02%)"
TAIEX-60-20251231,TAIEX,27550.35,-1413.25,-0.048794003507851236,13,20251016_open|20251020_open|20251022_open|20251023_open|20251105_open|20251114_open|20251117_open|20251127_open|20251201_open|20251202_open|20251216_open|20251217_open|20251218_open,2025-12-02,-20,open,7321099919,362999255.7129601,0.7959183673469388,3660549959.5,151739179.95992246,0.710204081632653,"12/02 open [27550] (dis： -1413 , -4.88%) (vol_wei_pr ：71.02%)"
TAIEX-60-20251231,TAIEX,27536.66,-1426.9399999999987,-0.04926666574597076,13,20251016_close|20251020_close|20251022_close|20251023_close|20251105_close|20251114_close|20251117_close|20251127_close|20251201_close|20251202_close|20251216_close|20251217_close|20251218_close,2025-12-16,-10,close,9586999810,362999255.7129601,0.7959183673469388,6779032576.885143,151739179.95992246,0.710204081632653,"12/16 close [27537] (dis： -1427 , -4.93%) (vol_wei_pr ：71.02%)"
TAIEX-60-20251231,TAIEX,27532.26,-1431.3400000000001,-0.049418580563189665,13,20251016_close|20251020_close|20251022_close|20251023_close|20251105_close|20251114_close|20251117_close|20251127_close|20251201_close|20251202_close|20251216_close|20251217_close|20251218_close,2025-10-23,-47,close,7318554768,362999255.7129601,0.7959183673469388,1435505422.639811,151739179.95992246,0.710204081632653,"10/23 close [27532] (dis： -1431 , -4.94%) (vol_wei_pr ：71.02%)"
TAIEX-60-20251231,TAIEX,27525.17,-1438.4300000000003,-0.04966337057548096,13,20251016_close|20251020_close|20251022_close|20251023_close|20251105_close|20251114_close|20251117_close|20251127_close|20251201_close|20251202_close|20251216_close|20251217_close|20251218_close,2025-12-17,-9,close,9020647323,362999255.7129601,0.7959183673469388,6603500356.887249,151739179.95992246,0.710204081632653,"12/17 close [27525] (dis： -1438 , -4.97%) (vol_wei_pr ：71.02%)"
TAIEX-60-20251231,TAIEX,27517.24,-1446.359999999997,-0.04993716250742301,13,20251016_open|20251020_open|20251022_open|20251023_open|20251105_open|20251114_open|20251117_open|20251127_open|20251201_open|20251202_open|20251216_open|20251217_open|20251218_open,2025-11-27,-23,open,7539156843,362999255.7129601,0.7959183673469388,3397334296.2246785,151739179.95992246,0.710204081632653,"11/27 open [27517] (dis： -1446 , -4.99%) (vol_wei_pr ：71.02%)"
TAIEX-60-20251231,TAIEX,27513.09,-1450.5099999999984,-0.0500804458009363,14,20251016_max|20251017_max|20251020_max|20251022_max|20251023_max|20251105_max|20251114_max|20251117_max|20251127_max|20251201_max|20251202_max|20251216_max|20251217_max|20251218_max,2025-10-17,-51,max,8962849575,405533659.5426866,0.9061224489795918,1530451666.8355036,159002143.4509793,0.7877551020408163,"10/17 max [27513] (dis： -1451 , -5.01%) (vol_wei_pr ：78.78%)"
TAIEX-60-20251231,TAIEX,27507.16,-1456.4399999999987,-0.05028518554323353,15,20251014_max|20251016_max|20251017_max|20251020_max|20251022_max|20251023_max|20251105_max|20251114_max|20251117_max|20251127_max|20251201_max|20251202_max|20251216_max|20251217_max|20251218_max,2025-10-14,-54,max,12066540173,421771770.39317775,0.9387755102040817,1856956690.2988691,161501075.8830865,0.7918367346938775,"10/14 max [27507] (dis： -1456 , -5.03%) (vol_wei_pr ：79.18%)"
TAIEX-60-20251231,TAIEX,27493.63,-1469.9699999999975,-0.05075232360618147,16,20251014_max|20251016_max|20251017_max|20251020_max|20251022_max|20251023_max|20251105_max|20251114_max|20251117_max|20251120_max|20251127_max|20251201_max|20251202_max|20251216_max|20251217_max|20251218_max,2025-11-20,-28,max,8497528679,449130201.42666113,0.9571428571428572,3219961248.28938,171867982.67088225,0.8673469387755102,"11/20 max [27494] (dis： -1470 , -5.08%) (vol_wei_pr ：86.73%)"
TAIEX-60-20251231,TAIEX,27490.89,-1472.7099999999991,-0.05084692510599508,16,20251014_min|20251016_min|20251017_min|20251020_min|20251022_min|20251023_min|20251105_min|20251114_min|20251117_min|20251120_min|20251127_min|20251201_min|20251202_min|20251216_min|20251217_min|20251218_min,2025-10-22,-48,min,7835590935,449130201.42666113,0.9571428571428572,1484566873.5722754,171867982.67088225,0.8673469387755102,"10/22 min [27491] (dis： -1473 , -5.08%) (vol_wei_pr ：86.73%)"
TAIEX-60-20251231,TAIEX,27480.44,-1483.1599999999999,-0.051207722796889885,15,20251014_open|20251016_open|20251017_open|20251020_open|20251023_open|20251105_open|20251114_open|20251117_open|20251120_open|20251127_open|20251201_open|20251202_open|20251216_open|20251217_open|20251218_open,2025-10-20,-50,open,8045886081,415778746.01251316,0.9122448979591836,1422325152.132389,165549063.48482513,0.8142857142857143,"10/20 open [27480] (dis： -1483 , -5.12%) (vol_wei_pr ：81.43%)"
TAIEX-60-20251231,TAIEX,27477.1,-1486.5,-0.05132303995359693,15,20251014_min|20251016_min|20251017_min|20251020_min|20251023_min|20251105_min|20251114_min|20251117_min|20251120_min|20251127_min|20251201_min|20251202_min|20251216_min|20251217_min|20251218_min,2025-12-02,-20,min,7321099919,415778746.01251316,0.9122448979591836,3660549959.5,165549063.48482513,0.8142857142857143,"12/02 min [27477] (dis： -1486 , -5.13%) (vol_wei_pr ：81.43%)"
TAIEX-60-20251231,TAIEX,27469.6,-1494.0,-0.051581985664765434,14,20251014_min|20251016_min|20251017_min|20251020_min|20251023_min|20251105_min|20251114_min|20251117_min|20251120_min|20251127_min|20251201_min|20251216_min|20251217_min|20251218_min,2025-12-17,-9,min,9020647323,388130043.572844,0.8489795918367347,6603500356.887249,151724712.2649906,0.6938775510204082,"12/17 min [27470] (dis： -1494 , -5.16%) (vol_wei_pr ：69.39%)"
TAIEX-60-20251231,TAIEX,27468.53,-1495.0699999999997,-0.05161892858622546,13,20251014_close|20251016_close|20251017_close|20251020_close|20251023_close|20251105_close|20251114_close|20251117_close|20251120_close|20251127_close|20251201_close|20251216_close|20251218_close,2025-12-18,-8,close,8450315748,359133138.1017585,0.7795918367346939,6404141785.743653,130497735.00153871,0.5755102040816327,"12/18 close [27469] (dis： -1495 , -5.16%) (vol_wei_pr ：57.55%)"
TAIEX-60-20251231,TAIEX,27463.12,-1500.4799999999996,-0.051805714759215,14,20251009_max|20251014_max|20251016_max|20251017_max|20251020_max|20251023_max|20251105_max|20251114_max|20251117_max|20251120_max|20251127_max|20251201_max|20251216_max|20251218_max,2025-10-09,-56,max,9444331803,404095441.3771694,0.8938775510204081,1356086050.7690356,136953750.4777065,0.6040816326530613,"10/09 max [27463] (dis： -1500 , -5.18%) (vol_wei_pr ：60.41%)"
TAIEX-60-20251231,TAIEX,27457.07,-1506.5299999999988,-0.0520145976328909,14,20251009_open|20251014_open|20251016_open|20251017_open|20251020_open|20251023_open|20251105_open|20251114_open|20251117_open|20251120_open|20251127_open|20251201_open|20251216_open|20251218_open,2025-10-23,-47,open,7318554768,404095441.3771694,0.8938775510204081,1435505422.639811,136953750.4777065,0.6040816326530613,"10/23 open [27457] (dis： -1507 , -5.20%) (vol_wei_pr ：60.41%)"
TAIEX-60-20251231,TAIEX,27447.45,-1516.1499999999978,-0.052346738665083,14,20251009_open|20251014_open|20251016_open|20251017_open|20251020_open|20251023_open|20251105_open|20251114_open|20251117_open|20251120_open|20251127_open|20251201_open|20251216_open|20251218_open,2025-12-18,-8,open,8450315748,404095441.3771694,0.8938775510204081,6404141785.743653,136953750.4777065,0.6040816326530613,"12/18 open [27447] (dis： -1516 , -5.23%) (vol_wei_pr ：60.41%)"
TAIEX-60-20251231,TAIEX,27447.31,-1516.2899999999972,-0.052351572318358124,14,20251009_close|20251014_close|20251016_close|20251017_close|20251020_close|20251023_close|20251105_close|20251114_close|20251117_close|20251120_close|20251127_close|20251201_close|20251216_close|20251218_close,2025-11-17,-31,close,8604107358,404095441.3771694,0.8938775510204081,2938389256.116176,136953750.4777065,0.6040816326530613,"11/17 close [27447] (dis： -1516 , -5.24%) (vol_wei_pr ：60.41%)"
TAIEX-60-20251231,TAIEX,27447.31,-1516.2899999999972,-0.052351572318358124,14,20251009_min|20251014_min|20251016_min|20251017_min|20251020_min|20251023_min|20251105_min|20251114_min|20251117_min|20251120_min|20251127_min|20251201_min|20251216_min|20251218_min,2025-11-17,-31,min,8604107358,404095441.3771694,0.8938775510204081,2938389256.116176,136953750.4777065,0.6040816326530613,"11/17 min [27447] (dis： -1516 , -5.24%) (vol_wei_pr ：60.41%)"
TAIEX-60-20251231,TAIEX,27436.59,-1527.0099999999984,-0.05272169205485501,13,20251009_min|20251014_min|20251016_min|20251017_min|20251020_min|20251023_min|20251105_min|20251114_min|20251120_min|20251127_min|20251201_min|20251216_min|20251218_min,2025-11-27,-23,min,7539156843,372973010.0742682,0.8163265306122449,3397334296.2246785,126325126.96574749,0.5387755102040817,"11/27 min [27437] (dis： -1527 , -5.27%) (vol_wei_pr ：53.88%)"
TAIEX-60-20251231,TAIEX,27426.36,-1537.239999999998,-0.05307489400488883,12,20251009_close|20251014_close|20251016_close|20251017_close|20251020_close|20251023_close|20251105_close|20251114_close|20251120_close|20251201_close|20251216_close|20251218_close,2025-11-20,-28,close,8497528679,339084589.869297,0.6224489795918368,3219961248.28938,111054149.7723072,0.4061224489795918,"11/20 close [27426] (dis： -1537 , -5.31%) (vol_wei_pr ：40.61%)"
TAIEX-60-20251231,TAIEX,27412.45,-1551.1499999999978,-0.053555151983869335,12,20251009_min|20251014_min|20251016_min|20251017_min|20251020_min|20251023_min|20251105_min|20251114_min|20251120_min|20251201_min|20251216_min|20251218_min,2025-10-20,-50,min,8045886081,339084589.869297,0.6224489795918368,1422325152.132389,111054149.7723072,0.4061224489795918,"10/20 min [27412] (dis： -1551 , -5.36%) (vol_wei_pr ：40.61%)"
TAIEX-60-20251231,TAIEX,27409.54,-1554.0599999999977,-0.053655622919802706,12,20251009_close|20251014_close|20251016_close|20251017_close|20251023_close|20251105_close|20251114_close|20251120_close|20251126_close|20251201_close|20251216_close|20251218_close,2025-11-26,-24,close,7902773415,339288340.11124563,0.636734693877551,3439881924.0149426,116988068.45082282,0.46122448979591835,"11/26 close [27410] (dis： -1554 , -5.37%) (vol_wei_pr ：46.12%)"
TAIEX-60-20251231,TAIEX,27409.54,-1554.0599999999977,-0.053655622919802706,12,20251009_max|20251014_max|20251016_max|20251017_max|20251023_max|20251105_max|20251114_max|20251120_max|20251126_max|20251201_max|20251216_max|20251218_max,2025-11-26,-24,max,7902773415,339288340.11124563,0.636734693877551,3439881924.0149426,116988068.45082282,0.46122448979591835,"11/26 max [27410] (dis： -1554 , -5.37%) (vol_wei_pr ：46.12%)"
TAIEX-60-20251231,TAIEX,27399.91,-1563.6899999999987,-0.0539881092129431,12,20251009_open|20251014_open|20251016_open|20251017_open|20251023_open|20251105_open|20251114_open|20251120_open|20251126_open|20251201_open|20251216_open|20251218_open,2025-10-17,-51,open,8962849575,339288340.11124563,0.636734693877551,1530451666.8355036,116988068.45082282,0.46122448979591835,"10/17 open [27400] (dis： -1564 , -5.40%) (vol_wei_pr ：46.12%)"
TAIEX-60-20251231,TAIEX,27397.5,-1566.0999999999985,-0.05407131710146524,12,20251009_close|20251014_close|20251016_close|20251017_close|20251023_close|20251105_close|20251114_close|20251120_close|20251126_close|20251201_close|20251216_close|20251218_close,2025-11-14,-32,close,9939352945,339288340.11124563,0.636734693877551,3278763709.7228413,116988068.45082282,0.46122448979591835,"11/14 close [27398] (dis： -1566 , -5.41%) (vol_wei_pr ：46.12%)"
TAIEX-60-20251231,TAIEX,27383.34,-1580.2599999999984,-0.05456020660415137,12,20251009_min|20251014_min|20251016_min|20251017_min|20251023_min|20251105_min|20251114_min|20251120_min|20251126_min|20251201_min|20251216_min|20251218_min,2025-11-14,-32,min,9939352945,339288340.11124563,0.636734693877551,3278763709.7228413,116988068.45082282,0.46122448979591835,"11/14 min [27383] (dis： -1580 , -5.46%) (vol_wei_pr ：46.12%)"
TAIEX-60-20251231,TAIEX,27373.05,-1590.5499999999993,-0.05491548011987458,11,20251009_min|20251014_min|20251016_min|20251017_min|20251023_min|20251105_min|20251120_min|20251126_min|20251201_min|20251216_min|20251218_min,2025-11-05,-39,min,8989778518,316339544.320338,0.5877551020408164,2326700593.1970305,109417789.05361924,0.4,"11/05 min [27373] (dis： -1591 , -5.49%) (vol_wei_pr ：40.00%)"
TAIEX-60-20251231,TAIEX,27371.67,-1591.9300000000003,-0.054963126130729616,10,20251009_min|20251014_min|20251016_min|20251017_min|20251023_min|20251120_min|20251126_min|20251201_min|20251216_min|20251218_min,2025-10-23,-47,min,7318554768,295238759.14054275,0.4775510204081633,1435505422.639811,103956563.36308074,0.39591836734693875,"10/23 min [27372] (dis： -1592 , -5.50%) (vol_wei_pr ：39.59%)"
TAIEX-60-20251231,TAIEX,27355.67,-1607.9300000000003,-0.05551554364788909,9,20251009_min|20251014_min|20251016_min|20251017_min|20251120_min|20251126_min|20251201_min|20251216_min|20251218_min,2025-12-16,-10,min,9586999810,261227444.11126503,0.4163265306122449,6779032576.885143,97285379.13294871,0.37551020408163266,"12/16 min [27356] (dis： -1608 , -5.55%) (vol_wei_pr ：37.55%)"
TAIEX-60-20251231,TAIEX,27350.77,-1612.829999999998,-0.055684721512519096,8,20251009_min|20251014_min|20251016_min|20251017_min|20251120_min|20251126_min|20251201_min|20251218_min,2025-12-18,-8,min,8450315748,236325499.09970638,0.363265306122449,6404141785.743653,79677044.95054108,0.2897959183673469,"12/18 min [27351] (dis： -1613 , -5.57%) (vol_wei_pr ：28.98%)"
TAIEX-60-20251231,TAIEX,27342.53,-1621.0699999999997,-0.05596921653385628,7,20251009_close|20251014_close|20251016_close|20251017_close|20251120_close|20251126_close|20251201_close,2025-12-01,-21,close,7418235597,197681351.5348824,0.32448979591836735,3582771629.8328953,50390257.61920297,0.23877551020408164,"12/01 close [27343] (dis： -1621 , -5.60%) (vol_wei_pr ：23.88%)"
TAIEX-60-20251231,TAIEX,27342.53,-1621.0699999999997,-0.05596921653385628,7,20251009_min|20251014_min|20251016_min|20251017_min|20251120_min|20251126_min|20251201_min,2025-12-01,-21,min,7418235597,197681351.5348824,0.32448979591836735,3582771629.8328953,50390257.61920297,0.23877551020408164,"12/01 min [27343] (dis： -1621 , -5.60%) (vol_wei_pr ：23.88%)"
TAIEX-60-20251231,TAIEX,27337.32,-1626.2799999999988,-0.05614909748788131,6,20251009_open|20251014_open|20251016_open|20251017_open|20251120_open|20251126_open,2025-10-16,-52,open,9035460141,176757210.85003218,0.29183673469387755,1490295141.6903343,40284563.799687356,0.15306122448979592,"10/16 open [27337] (dis： -1626 , -5.61%) (vol_wei_pr ：15.31%)"
TAIEX-60-20251231,TAIEX,27337.32,-1626.2799999999988,-0.05614909748788131,6,20251009_min|20251014_min|20251016_min|20251017_min|20251120_min|20251126_min,2025-10-16,-52,min,9035460141,176757210.85003218,0.29183673469387755,1490295141.6903343,40284563.799687356,0.15306122448979592,"10/16 min [27337] (dis： -1626 , -5.61%) (vol_wei_pr ：15.31%)"
TAIEX-60-20251231,TAIEX,27310.4,-1653.199999999997,-0.05707853996050205,6,20251009_open|20251014_open|20251017_open|20251118_open|20251120_open|20251126_open,2025-11-18,-30,open,10450443082,172763322.51306233,0.2795918367346939,3694789584.843122,43181979.57119603,0.21020408163265306,"11/18 open [27310] (dis： -1653 , -5.71%) (vol_wei_pr ：21.02%)"
TAIEX-60-20251231,TAIEX,27310.4,-1653.199999999997,-0.05707853996050205,6,20251009_max|20251014_max|20251017_max|20251118_max|20251120_max|20251126_max,2025-11-18,-30,max,10450443082,172763322.51306233,0.2795918367346939,3694789584.843122,43181979.57119603,0.21020408163265306,"11/18 max [27310] (dis： -1653 , -5.71%) (vol_wei_pr ：21.02%)"
TAIEX-60-20251231,TAIEX,27302.37,-1661.2299999999996,-0.05735578450192654,6,20251009_close|20251014_close|20251017_close|20251118_close|20251120_close|20251126_close,2025-10-17,-51,close,8962849575,172763322.51306233,0.2795918367346939,1530451666.8355036,43181979.57119603,0.21020408163265306,"10/17 close [27302] (dis： -1661 , -5.74%) (vol_wei_pr ：21.02%)"
TAIEX-60-20251231,TAIEX,27302.37,-1661.2299999999996,-0.05735578450192654,6,20251009_min|20251014_min|20251017_min|20251118_min|20251120_min|20251126_min,2025-10-17,-51,min,8962849575,172763322.51306233,0.2795918367346939,1530451666.8355036,43181979.57119603,0.21020408163265306,"10/17 min [27302] (dis： -1661 , -5.74%) (vol_wei_pr ：21.02%)"
TAIEX-60-20251231,TAIEX,27301.92,-1661.6800000000003,-0.05737132124459668,5,20251009_close|20251014_close|20251118_close|20251120_close|20251126_close,2025-10-09,-56,close,9444331803,130228918.6833359,0.17346938775510204,1356086050.7690356,35919016.08013919,0.09183673469387756,"10/09 close [27302] (dis： -1662 , -5.74%) (vol_wei_pr ：9.18%)"
TAIEX-60-20251231,TAIEX,27301.61,-1661.989999999998,-0.05738202433399156,5,20251009_open|20251014_open|20251118_open|20251120_open|20251126_open,2025-10-09,-56,open,9444331803,130228918.6833359,0.17346938775510204,1356086050.7690356,35919016.08013919,0.09183673469387756,"10/09 open [27302] (dis： -1662 , -5.74%) (vol_wei_pr ：9.18%)"
TAIEX-60-20251231,TAIEX,27301.42,-1662.1800000000003,-0.05738858429200791,6,20251007_max|20251009_max|20251014_max|20251118_max|20251120_max|20251126_max,2025-10-07,-58,max,9348656371,163107361.29077813,0.2510204081632653,1252455226.1010811,40323796.36466159,0.16122448979591836,"10/07 max [27301] (dis： -1662 , -5.74%) (vol_wei_pr ：16.12%)"
TAIEX-60-20251231,TAIEX,27282.1,-1681.5,-0.058055628443977964,6,20251007_open|20251009_open|20251014_open|20251118_open|20251120_open|20251126_open,2025-10-14,-54,open,12066540173,163107361.29077813,0.2510204081632653,1856956690.2988691,40323796.36466159,0.16122448979591836,"10/14 open [27282] (dis： -1682 , -5.81%) (vol_wei_pr ：16.12%)"
TAIEX-60-20251231,TAIEX,27275.71,-1687.8899999999994,-0.058276250189893505,7,20251007_close|20251009_close|20251014_close|20251015_close|20251118_close|20251120_close|20251126_close,2025-10-15,-53,close,8387861014,179797629.14735255,0.3020408163265306,1336354674.483828,42982891.148336835,0.19591836734693877,"10/15 close [27276] (dis： -1688 , -5.83%) (vol_wei_pr ：19.59%)"
TAIEX-60-20251231,TAIEX,27275.71,-1687.8899999999994,-0.058276250189893505,7,20251007_max|20251009_max|20251014_max|20251015_max|20251118_max|20251120_max|20251126_max,2025-10-15,-53,max,8387861014,179797629.14735255,0.3020408163265306,1336354674.483828,42982891.148336835,0.19591836734693877,"10/15 max [27276] (dis： -1688 , -5.83%) (vol_wei_pr ：19.59%)"
TAIEX-60-20251231,TAIEX,27253.07,-1710.5299999999988,-0.05905792097667413,7,20251007_min|20251009_min|20251014_min|20251015_min|20251118_min|20251120_min|20251126_min,2025-10-09,-56,min,9444331803,179797629.14735255,0.3020408163265306,1356086050.7690356,42982891.148336835,0.19591836734693877,"10/09 min [27253] (dis： -1711 , -5.91%) (vol_wei_pr ：19.59%)"
TAIEX-60-20251231,TAIEX,27212.91,-1750.6899999999987,-0.0604444889447444,6,20251007_open|20251014_open|20251015_open|20251118_open|20251120_open|20251126_open,2025-11-20,-28,open,8497528679,134835325.87194175,0.19183673469387755,3219961248.28938,36526875.67216907,0.10204081632653061,"11/20 open [27213] (dis： -1751 , -6.04%) (vol_wei_pr ：10.20%)"
TAIEX-60-20251231,TAIEX,27211.95,-1751.6499999999978,-0.06047763399577393,6,20251007_close|20251014_close|20251015_close|20251118_close|20251120_close|20251126_close,2025-10-07,-58,close,9348656371,134835325.87194175,0.19183673469387755,1252455226.1010811,36526875.67216907,0.10204081632653061,"10/07 close [27212] (dis： -1752 , -6.05%) (vol_wei_pr ：10.20%)"
TAIEX-60-20251231,TAIEX,27183.03,-1780.5699999999997,-0.06147612865803974,6,20251007_min|20251014_min|20251015_min|20251118_min|20251120_min|20251126_min,2025-11-20,-28,min,8497528679,134835325.87194175,0.19183673469387755,3219961248.28938,36526875.67216907,0.10204081632653061,"11/20 min [27183] (dis： -1781 , -6.15%) (vol_wei_pr ：10.20%)"
TAIEX-60-20251231,TAIEX,27118.02,-1845.579999999998,-0.06372067008244825,6,20251007_max|20251014_max|20251015_max|20251118_max|20251125_max|20251126_max,2025-11-25,-25,max,6714625759,128181238.70389566,0.1510204081632653,2823152365.256676,34865073.15268656,0.08571428571428572,"11/25 max [27118] (dis： -1846 , -6.37%) (vol_wei_pr ：8.57%)"
TAIEX-60-20251231,TAIEX,27110.43,-1853.1699999999983,-0.06398272314215078,7,20251007_max|20251008_max|20251014_max|20251015_max|20251118_max|20251125_max|20251126_max,2025-10-08,-57,max,8261189883,164664147.56717095,0.26326530612244897,1145795512.1415668,39925113.39355201,0.14081632653061224,"10/08 max [27110] (dis： -1853 , -6.40%) (vol_wei_pr ：14.08%)"
TAIEX-60-20251231,TAIEX,27063.68,-1899.9199999999983,-0.06559681807510111,7,20251007_close|20251008_close|20251014_close|20251015_close|20251118_close|20251125_close|20251126_close,2025-10-08,-57,close,8261189883,164664147.56717095,0.26326530612244897,1145795512.1415668,39925113.39355201,0.14081632653061224,"10/08 close [27064] (dis： -1900 , -6.56%) (vol_wei_pr ：14.08%)"
TAIEX-60-20251231,TAIEX,27063.17,-1900.4300000000003,-0.06561442638346063,7,20251007_open|20251008_open|20251014_open|20251015_open|20251118_open|20251125_open|20251126_open,2025-11-26,-24,open,7902773415,164664147.56717095,0.26326530612244897,3439881924.0149426,39925113.39355201,0.14081632653061224,"11/26 open [27063] (dis： -1900 , -6.56%) (vol_wei_pr ：14.08%)"
TAIEX-60-20251231,TAIEX,27063.17,-1900.4300000000003,-0.06561442638346063,7,20251007_min|20251008_min|20251014_min|20251015_min|20251118_min|20251125_min|20251126_min,2025-11-26,-24,min,7902773415,164664147.56717095,0.26326530612244897,3439881924.0149426,39925113.39355201,0.14081632653061224,"11/26 min [27063] (dis： -1900 , -6.56%) (vol_wei_pr ：14.08%)"
TAIEX-60-20251231,TAIEX,27029.28,-1934.3199999999997,-0.06678451573699401,6,20251007_open|20251008_open|20251014_open|20251015_open|20251118_open|20251125_open,2025-10-07,-58,open,9348656371,141848160.57349384,0.23061224489795917,1252455226.1010811,29993878.228800688,0.06326530612244897,"10/07 open [27029] (dis： -1934 , -6.68%) (vol_wei_pr ：6.33%)"
TAIEX-60-20251231,TAIEX,27017.08,-1946.5199999999968,-0.067205734093828,6,20251007_min|20251008_min|20251014_min|20251015_min|20251118_min|20251125_min,2025-10-07,-58,min,9348656371,141848160.57349384,0.23061224489795917,1252455226.1010811,29993878.228800688,0.06326530612244897,"10/07 min [27017] (dis： -1947 , -6.72%) (vol_wei_pr ：6.33%)"
TAIEX-60-20251231,TAIEX,26999.82,-1963.7799999999988,-0.06780165449046385,5,20251008_open|20251014_open|20251015_open|20251118_open|20251125_open,2025-10-08,-57,open,8261189883,108969717.96605161,0.11224489795918367,1145795512.1415668,25589097.944278296,0.030612244897959183,"10/08 open [27000] (dis： -1964 , -6.78%) (vol_wei_pr ：3.06%)"
TAIEX-60-20251231,TAIEX,26995.9,-1967.699999999997,-0.06793699678216787,5,20251008_open|20251014_open|20251015_open|20251118_open|20251125_open,2025-11-25,-25,open,6714625759,108969717.96605161,0.11224489795918367,2823152365.256676,25589097.944278296,0.030612244897959183,"11/25 open [26996] (dis： -1968 , -6.79%) (vol_wei_pr ：3.06%)"
TAIEX-60-20251231,TAIEX,26965.72,-1997.8799999999974,-0.06897899432390993,6,20251008_max|20251013_max|20251014_max|20251015_max|20251118_max|20251125_max,2025-10-13,-55,max,10191083804,129546126.8741439,0.16122448979591836,1514913671.1632247,28647799.428616885,0.05102040816326531,"10/13 max [26966] (dis： -1998 , -6.90%) (vol_wei_pr ：5.10%)"
TAIEX-60-20251231,TAIEX,26923.42,-2040.1800000000003,-0.07043944813490037,6,20251008_close|20251013_close|20251014_close|20251015_close|20251118_close|20251125_close,2025-10-13,-55,close,10191083804,129546126.8741439,0.16122448979591836,1514913671.1632247,28647799.428616885,0.05102040816326531,"10/13 close [26923] (dis： -2040 , -7.04%) (vol_wei_pr ：5.10%)"
TAIEX-60-20251231,TAIEX,26912.17,-2051.4300000000003,-0.07082786670165313,6,20251008_close|20251013_close|20251014_close|20251015_close|20251118_close|20251125_close,2025-11-25,-25,close,6714625759,129546126.8741439,0.16122448979591836,2823152365.256676,28647799.428616885,0.05102040816326531,"11/25 close [26912] (dis： -2051 , -7.08%) (vol_wei_pr ：5.10%)"
TAIEX-60-20251231,TAIEX,26911.05,-2052.5499999999993,-0.07086653592785425,6,20251008_open|20251013_open|20251014_open|20251015_open|20251118_open|20251125_open,2025-10-15,-53,open,8387861014,129546126.8741439,0.16122448979591836,1336354674.483828,28647799.428616885,0.05102040816326531,"10/15 open [26911] (dis： -2053 , -7.09%) (vol_wei_pr ：5.10%)"
TAIEX-60-20251231,TAIEX,26902.97,-2060.6299999999974,-0.07114550677401972,7,20251008_max|20251013_max|20251014_max|20251015_max|20251118_max|20251119_max|20251125_max,2025-11-19,-29,max,8069342681,154540219.11821994,0.24285714285714285,2953552298.7339063,37796172.66304119,0.12857142857142856,"11/19 max [26903] (dis： -2061 , -7.11%) (vol_wei_pr ：12.86%)"
TAIEX-60-20251231,TAIEX,26883.99,-2079.609999999997,-0.07180081205375012,7,20251008_min|20251013_min|20251014_min|20251015_min|20251118_min|20251119_min|20251125_min,2025-10-08,-57,min,8261189883,154540219.11821994,0.24285714285714285,1145795512.1415668,37796172.66304119,0.12857142857142856,"10/08 min [26884] (dis： -2080 , -7.18%) (vol_wei_pr ：12.86%)"
TAIEX-60-20251231,TAIEX,26821.97,-2141.6299999999974,-0.07394212045463953,7,20251013_open|20251014_open|20251015_open|20251118_open|20251119_open|20251121_open|20251125_open,2025-11-21,-27,open,8853582470,138840855.5729098,0.20408163265306123,3473190007.6897182,40889351.99937169,0.17551020408163265,"11/21 open [26822] (dis： -2142 , -7.39%) (vol_wei_pr ：17.55%)"
TAIEX-60-20251231,TAIEX,26821.97,-2141.6299999999974,-0.07394212045463953,7,20251013_max|20251014_max|20251015_max|20251118_max|20251119_max|20251121_max|20251125_max,2025-11-21,-27,max,8853582470,138840855.5729098,0.20408163265306123,3473190007.6897182,40889351.99937169,0.17551020408163265,"11/21 max [26822] (dis： -2142 , -7.39%) (vol_wei_pr ：17.55%)"
TAIEX-60-20251231,TAIEX,26793.71,-2169.8899999999994,-0.07491782789432251,7,20251013_min|20251014_min|20251015_min|20251118_min|20251119_min|20251121_min|20251125_min,2025-11-25,-25,min,6714625759,138840855.5729098,0.20408163265306123,2823152365.256676,40889351.99937169,0.17551020408163265,"11/25 min [26794] (dis： -2170 , -7.49%) (vol_wei_pr ：17.55%)"
TAIEX-60-20251231,TAIEX,26793.15,-2170.449999999997,-0.07493716250742301,6,20251013_close|20251014_close|20251015_close|20251118_close|20251119_close|20251121_close,2025-10-14,-54,close,12066540173,118136511.7074725,0.12448979591836734,1856956690.2988691,32184247.731058456,0.07959183673469387,"10/14 close [26793] (dis： -2170 , -7.49%) (vol_wei_pr ：7.96%)"
TAIEX-60-20251231,TAIEX,26773.15,-2190.449999999997,-0.07562768440387235,6,20251013_min|20251014_min|20251015_min|20251118_min|20251119_min|20251121_min,2025-10-15,-53,min,8387861014,118136511.7074725,0.12448979591836734,1336354674.483828,32184247.731058456,0.07959183673469387,"10/15 min [26773] (dis： -2190 , -7.56%) (vol_wei_pr ：7.96%)"
TAIEX-60-20251231,TAIEX,26764.13,-2199.4699999999975,-0.07593910977917101,6,20251013_max|20251014_max|20251118_max|20251119_max|20251121_max|20251124_max,2025-11-24,-26,max,9236525911,134223127.85018846,0.1816326530612245,3751195152.608106,42836704.23414019,0.18571428571428572,"11/24 max [26764] (dis： -2199 , -7.59%) (vol_wei_pr ：18.57%)"
TAIEX-60-20251231,TAIEX,26764.06,-2199.5399999999972,-0.07594152660580858,6,20251013_min|20251014_min|20251118_min|20251119_min|20251121_min|20251124_min,2025-10-14,-54,min,12066540173,134223127.85018846,0.1816326530612245,1856956690.2988691,42836704.23414019,0.18571428571428572,"10/14 min [26764] (dis： -2200 , -7.59%) (vol_wei_pr ：18.57%)"
TAIEX-60-20251231,TAIEX,26762.6,-2201.0,-0.07599193470424948,5,20251013_open|20251118_open|20251119_open|20251121_open|20251124_open,2025-10-13,-55,open,10191083804,117985016.99969724,0.11836734693877551,1514913671.1632247,40337771.80203297,0.1673469387755102,"10/13 open [26763] (dis： -2201 , -7.60%) (vol_wei_pr ：16.73%)"
TAIEX-60-20251231,TAIEX,26761.06,-2202.5399999999972,-0.07604510489027598,6,20251003_close|20251013_close|20251118_close|20251119_close|20251121_close|20251124_close,2025-10-03,-59,close,7784825692,140162112.0969822,0.21836734693877552,1007419622.1433476,43207667.88539718,0.22653061224489796,"10/03 close [26761] (dis： -2203 , -7.60%) (vol_wei_pr ：22.65%)"
TAIEX-60-20251231,TAIEX,26761.06,-2202.5399999999972,-0.07604510489027598,6,20251003_max|20251013_max|20251118_max|20251119_max|20251121_max|20251124_max,2025-10-03,-59,max,7784825692,140162112.0969822,0.21836734693877552,1007419622.1433476,43207667.88539718,0.22653061224489796,"10/03 max [26761] (dis： -2203 , -7.60%) (vol_wei_pr ：22.65%)"
TAIEX-60-20251231,TAIEX,26756.12,-2207.4799999999996,-0.07621566379869904,6,20251003_close|20251013_close|20251118_close|20251119_close|20251121_close|20251124_close,2025-11-18,-30,close,10450443082,140162112.0969822,0.21836734693877552,3694789584.843122,43207667.88539718,0.22653061224489796,"11/18 close [26756] (dis： -2207 , -7.62%) (vol_wei_pr ：22.65%)"
TAIEX-60-20251231,TAIEX,26756.12,-2207.4799999999996,-0.07621566379869904,6,20251003_min|20251013_min|20251118_min|20251119_min|20251121_min|20251124_min,2025-11-18,-30,min,10450443082,140162112.0969822,0.21836734693877552,3694789584.843122,43207667.88539718,0.22653061224489796,"11/18 min [26756] (dis： -2207 , -7.62%) (vol_wei_pr ：22.65%)"
TAIEX-60-20251231,TAIEX,26708.28,-2255.3199999999997,-0.07786739217500586,5,20251003_open|20251013_open|20251119_open|20251121_open|20251124_open,2025-11-19,-29,open,8069342681,121308025.56670879,0.14081632653061224,2953552298.7339063,36541741.66608004,0.11632653061224489,"11/19 open [26708] (dis： -2255 , -7.79%) (vol_wei_pr ：11.63%)"
TAIEX-60-20251231,TAIEX,26596.03,-2367.5699999999997,-0.08174294631882777,5,20251003_open|20251013_open|20251119_open|20251121_open|20251124_open,2025-11-24,-26,open,9236525911,121308025.56670879,0.14081632653061224,3751195152.608106,36541741.66608004,0.11632653061224489,"11/24 open [26596] (dis： -2368 , -8.17%) (vol_wei_pr ：11.63%)"
TAIEX-60-20251231,TAIEX,26580.12,-2383.4799999999996,-0.08229225648745321,5,20251003_close|20251013_close|20251119_close|20251121_close|20251124_close,2025-11-19,-29,close,8069342681,121308025.56670879,0.14081632653061224,2953552298.7339063,36541741.66608004,0.11632653061224489,"11/19 close [26580] (dis： -2383 , -8.23%) (vol_wei_pr ：11.63%)"
TAIEX-60-20251231,TAIEX,26580.12,-2383.4799999999996,-0.08229225648745321,5,20251003_min|20251013_min|20251119_min|20251121_min|20251124_min,2025-11-19,-29,min,8069342681,121308025.56670879,0.14081632653061224,2953552298.7339063,36541741.66608004,0.11632653061224489,"11/19 min [26580] (dis： -2383 , -8.23%) (vol_wei_pr ：11.63%)"
TAIEX-60-20251231,TAIEX,26504.24,-2459.359999999997,-0.0849120965625819,4,20251003_close|20251013_close|20251121_close|20251124_close,2025-11-24,-26,close,9236525911,96313933.32263276,0.07142857142857142,3751195152.608106,27393368.431655735,0.03877551020408163,"11/24 close [26504] (dis： -2459 , -8.49%) (vol_wei_pr ：3.88%)"
TAIEX-60-20251231,TAIEX,26482.33,-2481.269999999997,-0.08566856330014214,4,20251003_min|20251013_min|20251121_min|20251124_min,2025-11-24,-26,min,9236525911,96313933.32263276,0.07142857142857142,3751195152.608106,27393368.431655735,0.03877551020408163,"11/24 min [26482] (dis： -2481 , -8.57%) (vol_wei_pr ：3.88%)"
TAIEX-60-20251231,TAIEX,26470.44,-2493.16,-0.08607907856758137,3,20251003_min|20251013_min|20251121_min,2025-10-13,-55,min,10191083804,63537049.3233424,0.0326530612244898,1514913671.1632247,14081817.144898761,0.024489795918367346,"10/13 min [26470] (dis： -2493 , -8.61%) (vol_wei_pr ：2.45%)"
TAIEX-60-20251231,TAIEX,26435.1,-2528.5,-0.08729923075860736,2,20251003_open|20251121_open,2025-10-03,-59,open,7784825692,42960640.41525011,0.024489795918367346,1007419622.1433476,11023115.66056017,0.0163265306122449,"10/03 open [26435] (dis： -2528 , -8.73%) (vol_wei_pr ：1.63%)"
TAIEX-60-20251231,TAIEX,26434.94,-2528.66,-0.08730475493377896,2,20251003_close|20251121_close,2025-11-21,-27,close,8853582470,42960640.41525011,0.024489795918367346,3473190007.6897182,11023115.66056017,0.0163265306122449,"11/21 close [26435] (dis： -2529 , -8.73%) (vol_wei_pr ：1.63%)"
TAIEX-60-20251231,TAIEX,26410.03,-2553.5699999999997,-0.08816479995580659,2,20251003_min|20251121_min,2025-10-03,-59,min,7784825692,42960640.41525011,0.024489795918367346,1007419622.1433476,11023115.66056017,0.0163265306122449,"10/03 min [26410] (dis： -2554 , -8.82%) (vol_wei_pr ：1.63%)"
TAIEX-60-20251231,TAIEX,26395.98,-2567.619999999999,-0.08864989158806223,1,20251121_min,2025-11-21,-27,min,8853582470,20783545.31796513,0.00816326530612245,3473190007.6897182,8153219.577195955,0.00816326530612245,"11/21 min [26396] (dis： -2568 , -8.86%) (vol_wei_pr ：0.82%)"
TAIEX-60-20251231,TAIEX,25999.153083333335,-2964.446916666664,-0.10235077534100265,0,,2025-12-31,0,120MA,9768832777,0.0,0.004081632653061225,9768832777.0,0.0,0.004081632653061225,"12/31 120MA [25999] (dis： -2964 , -10.24%) (vol_wei_pr ：0.41%)"
