report,stock_id,price,lastDt_close_distance,lcd%,involve_days,involve_date,date,price_type,volume,vol_weight,vol_wei_pr,vol_adj,vol_wei_adj,vol_wei_pr_adj,remark
TAIEX-60-20251226,TAIEX,28590.91,34.89,0.001221809,1,20251226_max,2025/12/26,max,8057092373,43185358.7,0.040816327,8057092373,43185358.7,0.175510204,"12/26 max [28591] (dis： 35 , 0.12%) (vol_wei_pr ：17.55%)"
TAIEX-60-20251226,TAIEX,28568.02,12,0.000420227,2,20251211_max|20251226_max,2025/12/11,max,8087246896,57037416.49,0.059183673,5718547121,52980242.69,0.283673469,"12/11 max [28568] (dis： 12 , 0.04%) (vol_wei_pr ：28.37%)"
TAIEX-60-20251226,TAIEX,28556.02,0,0,2,20251211_close|20251226_close,2025/12/26,close,8057092373,57037416.49,0.059183673,8057092373,52980242.69,0.283673469,"12/26 close [28556] (dis： 0 , 0.00%) (vol_wei_pr ：28.37%)"
TAIEX-60-20251226,TAIEX,28554.61,-1.41,-4.94E-05,3,20251104_max|20251211_max|20251226_max,2025/11/4,max,8404740088,73169664.87,0.069387755,2331410756,57455205.28,0.297959184,"11/04 max [28555] (dis： -1 , -0.00%) (vol_wei_pr ：29.80%)"
TAIEX-60-20251226,TAIEX,28527.68,-28.34,-0.000992435,4,20251030_max|20251104_max|20251211_max|20251226_max,2025/10/30,max,9446378341,96149080.9,0.085714286,2361594585,63200059.28,0.302040816,"10/30 max [28528] (dis： -28 , -0.10%) (vol_wei_pr ：30.20%)"
TAIEX-60-20251226,TAIEX,28494.99,-61.03,-0.002137203,5,20251030_max|20251103_max|20251104_max|20251211_max|20251226_max,2025/11/3,max,8299689369,120238270.5,0.118367347,2223846703,69654597.81,0.306122449,"11/03 max [28495] (dis： -61 , -0.21%) (vol_wei_pr ：30.61%)"
TAIEX-60-20251226,TAIEX,28489.76,-66.26,-0.002320351,6,20251030_max|20251031_max|20251103_max|20251104_max|20251211_max|20251226_max,2025/10/31,max,8339995492,152764285.4,0.232653061,2158526199,78072858.4,0.310204082,"10/31 max [28490] (dis： -66 , -0.23%) (vol_wei_pr ：31.02%)"
TAIEX-60-20251226,TAIEX,28486.38,-69.64,-0.002438715,7,20251030_max|20251031_max|20251103_max|20251104_max|20251211_max|20251224_max|20251226_max,2025/12/24,max,7899870510,191152304.8,0.312244898,7630771919,115153240.9,0.393877551,"12/24 max [28486] (dis： -70 , -0.24%) (vol_wei_pr ：39.39%)"
TAIEX-60-20251226,TAIEX,28443.48,-112.54,-0.003941025,7,20251030_open|20251031_open|20251103_open|20251104_open|20251211_open|20251224_open|20251226_open,2025/12/26,open,8057092373,191152304.8,0.312244898,8057092373,115153240.9,0.393877551,"12/26 open [28443] (dis： -113 , -0.39%) (vol_wei_pr ：39.39%)"
TAIEX-60-20251226,TAIEX,28417.09,-138.93,-0.004865174,8,20251030_max|20251031_max|20251103_max|20251104_max|20251210_max|20251211_max|20251224_max|20251226_max,2025/12/10,max,8239950462,227559102.2,0.336734694,5628052022,140019816.4,0.532653061,"12/10 max [28417] (dis： -139 , -0.49%) (vol_wei_pr ：53.27%)"
TAIEX-60-20251226,TAIEX,28404.34,-151.68,-0.005311665,8,20251030_min|20251031_min|20251103_min|20251104_min|20251210_min|20251211_min|20251224_min|20251226_min,2025/12/26,min,8057092373,227559102.2,0.336734694,8057092373,140019816.4,0.532653061,"12/26 min [28404] (dis： -152 , -0.53%) (vol_wei_pr ：53.27%)"
TAIEX-60-20251226,TAIEX,28400.73,-155.29,-0.005438083,7,20251030_close|20251031_close|20251103_close|20251104_close|20251210_close|20251211_close|20251224_close,2025/12/10,close,8239950462,184373743.5,0.306122449,5628052022,96834457.68,0.334693878,"12/10 close [28401] (dis： -155 , -0.54%) (vol_wei_pr ：33.47%)"
TAIEX-60-20251226,TAIEX,28395.31,-160.71,-0.005627885,8,20251029_max|20251030_max|20251031_max|20251103_max|20251104_max|20251210_max|20251211_max|20251224_max,2025/10/29,max,9076231278,219874921.9,0.330612245,2191765380,105407427.2,0.375510204,"10/29 max [28395] (dis： -161 , -0.56%) (vol_wei_pr ：37.55%)"
TAIEX-60-20251226,TAIEX,28390.24,-165.78,-0.005805431,9,20251029_max|20251030_max|20251031_max|20251103_max|20251104_max|20251209_max|20251210_max|20251211_max|20251224_max,2025/12/9,max,8116345692,254713509.3,0.37755102,5354791174,128392323,0.442857143,"12/09 max [28390] (dis： -166 , -0.58%) (vol_wei_pr ：44.29%)"
TAIEX-60-20251226,TAIEX,28385.23,-170.79,-0.005980875,9,20251029_open|20251030_open|20251031_open|20251103_open|20251104_open|20251209_open|20251210_open|20251211_open|20251224_open,2025/12/11,open,8087246896,254713509.3,0.37755102,5718547121,128392323,0.442857143,"12/11 open [28385] (dis： -171 , -0.60%) (vol_wei_pr ：44.29%)"
TAIEX-60-20251226,TAIEX,28383.61,-172.41,-0.006037606,9,20251029_open|20251030_open|20251031_open|20251103_open|20251104_open|20251209_open|20251210_open|20251211_open|20251224_open,2025/12/24,open,7899870510,254713509.3,0.37755102,7630771919,128392323,0.442857143,"12/24 open [28384] (dis： -172 , -0.60%) (vol_wei_pr ：44.29%)"
TAIEX-60-20251226,TAIEX,28371.98,-184.04,-0.006444876,9,20251029_close|20251030_close|20251031_close|20251103_close|20251104_close|20251209_close|20251210_close|20251211_close|20251224_close,2025/12/24,close,7899870510,254713509.3,0.37755102,7630771919,128392323,0.442857143,"12/24 close [28372] (dis： -184 , -0.64%) (vol_wei_pr ：44.29%)"
TAIEX-60-20251226,TAIEX,28364.76,-191.26,-0.006697712,9,20251029_open|20251030_open|20251031_open|20251103_open|20251104_open|20251209_open|20251210_open|20251211_open|20251224_open,2025/11/4,open,8404740088,254713509.3,0.37755102,2331410756,128392323,0.442857143,"11/04 open [28365] (dis： -191 , -0.67%) (vol_wei_pr ：44.29%)"
TAIEX-60-20251226,TAIEX,28364.04,-191.98,-0.006722926,9,20251029_open|20251030_open|20251031_open|20251103_open|20251104_open|20251209_open|20251210_open|20251211_open|20251224_open,2025/12/9,open,8116345692,254713509.3,0.37755102,5354791174,128392323,0.442857143,"12/09 open [28364] (dis： -192 , -0.67%) (vol_wei_pr ：44.29%)"
TAIEX-60-20251226,TAIEX,28350.37,-205.65,-0.007201634,10,20251029_max|20251030_max|20251031_max|20251103_max|20251104_max|20251209_max|20251210_max|20251211_max|20251223_max|20251224_max,2025/12/23,max,7965662925,312632966.3,0.565306122,7432226308,182433087.2,0.806122449,"12/23 max [28350] (dis： -206 , -0.72%) (vol_wei_pr ：80.61%)"
TAIEX-60-20251226,TAIEX,28350.24,-205.78,-0.007206186,10,20251029_open|20251030_open|20251031_open|20251103_open|20251104_open|20251209_open|20251210_open|20251211_open|20251223_open|20251224_open,2025/10/30,open,9446378341,312632966.3,0.565306122,2361594585,182433087.2,0.806122449,"10/30 open [28350] (dis： -206 , -0.72%) (vol_wei_pr ：80.61%)"
TAIEX-60-20251226,TAIEX,28334.59,-221.43,-0.007754232,10,20251029_close|20251030_close|20251031_close|20251103_close|20251104_close|20251209_close|20251210_close|20251211_close|20251223_close|20251224_close,2025/11/3,close,8299689369,312632966.3,0.565306122,2223846703,182433087.2,0.806122449,"11/03 close [28335] (dis： -221 , -0.78%) (vol_wei_pr ：80.61%)"
TAIEX-60-20251226,TAIEX,28310.47,-245.55,-0.008598887,10,20251029_close|20251030_close|20251031_close|20251103_close|20251104_close|20251209_close|20251210_close|20251211_close|20251223_close|20251224_close,2025/12/23,close,7965662925,312632966.3,0.565306122,7432226308,182433087.2,0.806122449,"12/23 close [28310] (dis： -246 , -0.86%) (vol_wei_pr ：80.61%)"
TAIEX-60-20251226,TAIEX,28303.78,-252.24,-0.008833164,11,20251029_close|20251030_close|20251031_close|20251103_close|20251104_close|20251208_close|20251209_close|20251210_close|20251211_close|20251223_close|20251224_close,2025/12/8,close,7603908443,340045304.3,0.66122449,4845821158,199902430.6,0.930612245,"12/08 close [28304] (dis： -252 , -0.88%) (vol_wei_pr ：93.06%)"
TAIEX-60-20251226,TAIEX,28303.78,-252.24,-0.008833164,11,20251029_max|20251030_max|20251031_max|20251103_max|20251104_max|20251208_max|20251209_max|20251210_max|20251211_max|20251223_max|20251224_max,2025/12/8,max,7603908443,340045304.3,0.66122449,4845821158,199902430.6,0.930612245,"12/08 max [28304] (dis： -252 , -0.88%) (vol_wei_pr ：93.06%)"
TAIEX-60-20251226,TAIEX,28294.74,-261.28,-0.009149734,11,20251029_close|20251030_close|20251031_close|20251103_close|20251104_close|20251208_close|20251209_close|20251210_close|20251211_close|20251223_close|20251224_close,2025/10/29,close,9076231278,340045304.3,0.66122449,2191765380,199902430.6,0.930612245,"10/29 close [28295] (dis： -261 , -0.91%) (vol_wei_pr ：93.06%)"
TAIEX-60-20251226,TAIEX,28287.53,-268.49,-0.009402221,11,20251029_close|20251030_close|20251031_close|20251103_close|20251104_close|20251208_close|20251209_close|20251210_close|20251211_close|20251223_close|20251224_close,2025/10/30,close,9446378341,340045304.3,0.66122449,2361594585,199902430.6,0.930612245,"10/30 close [28288] (dis： -268 , -0.94%) (vol_wei_pr ：93.06%)"
TAIEX-60-20251226,TAIEX,28280.59,-275.43,-0.009645252,11,20251029_min|20251030_min|20251031_min|20251103_min|20251104_min|20251208_min|20251209_min|20251210_min|20251211_min|20251223_min|20251224_min,2025/12/24,min,7899870510,340045304.3,0.66122449,7630771919,199902430.6,0.930612245,"12/24 min [28281] (dis： -275 , -0.96%) (vol_wei_pr ：93.06%)"
TAIEX-60-20251226,TAIEX,28280.47,-275.55,-0.009649454,10,20251029_open|20251030_open|20251031_open|20251103_open|20251104_open|20251208_open|20251209_open|20251210_open|20251211_open|20251223_open,2025/10/31,open,8339995492,301657284.9,0.526530612,2158526199,162822048.1,0.685714286,"10/31 open [28280] (dis： -276 , -0.96%) (vol_wei_pr ：68.57%)"
TAIEX-60-20251226,TAIEX,28272.06,-283.96,-0.009943963,11,20251029_max|20251030_max|20251031_max|20251103_max|20251104_max|20251208_max|20251209_max|20251210_max|20251211_max|20251212_max|20251223_max,2025/12/12,max,8508400161,344046683.9,0.693877551,6228513486,193852904.4,0.906122449,"12/12 max [28272] (dis： -284 , -0.99%) (vol_wei_pr ：90.61%)"
TAIEX-60-20251226,TAIEX,28253.53,-302.49,-0.010592863,11,20251029_open|20251030_open|20251031_open|20251103_open|20251104_open|20251208_open|20251209_open|20251210_open|20251211_open|20251212_open|20251223_open,2025/11/3,open,8299689369,344046683.9,0.693877551,2223846703,193852904.4,0.906122449,"11/03 open [28254] (dis： -302 , -1.06%) (vol_wei_pr ：90.61%)"
TAIEX-60-20251226,TAIEX,28253.14,-302.88,-0.01060652,11,20251029_open|20251030_open|20251031_open|20251103_open|20251104_open|20251208_open|20251209_open|20251210_open|20251211_open|20251212_open|20251223_open,2025/12/23,open,7965662925,344046683.9,0.693877551,7432226308,193852904.4,0.906122449,"12/23 open [28253] (dis： -303 , -1.06%) (vol_wei_pr ：90.61%)"
TAIEX-60-20251226,TAIEX,28233.35,-322.67,-0.011299544,11,20251029_close|20251030_close|20251031_close|20251103_close|20251104_close|20251208_close|20251209_close|20251210_close|20251211_close|20251212_close|20251223_close,2025/10/31,close,8339995492,344046683.9,0.693877551,2158526199,193852904.4,0.906122449,"10/31 close [28233] (dis： -323 , -1.13%) (vol_wei_pr ：90.61%)"
TAIEX-60-20251226,TAIEX,28233.35,-322.67,-0.011299544,11,20251029_min|20251030_min|20251031_min|20251103_min|20251104_min|20251208_min|20251209_min|20251210_min|20251211_min|20251212_min|20251223_min,2025/10/31,min,8339995492,344046683.9,0.693877551,2158526199,193852904.4,0.906122449,"10/31 min [28233] (dis： -323 , -1.13%) (vol_wei_pr ：90.61%)"
TAIEX-60-20251226,TAIEX,28216.892,-339.128,-0.011875885,10,20251029_5MA|20251030_5MA|20251103_5MA|20251104_5MA|20251208_5MA|20251209_5MA|20251210_5MA|20251211_5MA|20251212_5MA|20251223_5MA,2025/12/26,5MA,8057092373,311520669,0.540816327,8057092373,185434643.8,0.826530612,"12/26 5MA [28217] (dis： -339 , -1.19%) (vol_wei_pr ：82.65%)"
TAIEX-60-20251226,TAIEX,28212.84,-343.18,-0.012017781,10,20251029_min|20251030_min|20251103_min|20251104_min|20251208_min|20251209_min|20251210_min|20251211_min|20251212_min|20251223_min,2025/12/23,min,7965662925,311520669,0.540816327,7432226308,185434643.8,0.826530612,"12/23 min [28213] (dis： -343 , -1.20%) (vol_wei_pr ：82.65%)"
TAIEX-60-20251226,TAIEX,28198.02,-358,-0.012536761,9,20251029_close|20251030_close|20251103_close|20251104_close|20251208_close|20251209_close|20251210_close|20251211_close|20251212_close,2025/12/12,close,8508400161,253601211.9,0.363265306,6228513486,131393879.6,0.47755102,"12/12 close [28198] (dis： -358 , -1.25%) (vol_wei_pr ：47.76%)"
TAIEX-60-20251226,TAIEX,28196.33,-359.69,-0.012595943,10,20251027_max|20251029_max|20251030_max|20251103_max|20251104_max|20251208_max|20251209_max|20251210_max|20251211_max|20251212_max,2025/10/27,max,9337097751,299664841.7,0.514285714,2103765917,141772596.5,0.555102041,"10/27 max [28196] (dis： -360 , -1.26%) (vol_wei_pr ：55.51%)"
TAIEX-60-20251226,TAIEX,28190.76,-365.26,-0.012790998,10,20251027_open|20251029_open|20251030_open|20251103_open|20251104_open|20251208_open|20251209_open|20251210_open|20251211_open|20251212_open,2025/12/10,open,8239950462,299664841.7,0.514285714,5628052022,141772596.5,0.555102041,"12/10 open [28191] (dis： -365 , -1.28%) (vol_wei_pr ：55.51%)"
TAIEX-60-20251226,TAIEX,28190.76,-365.26,-0.012790998,10,20251027_min|20251029_min|20251030_min|20251103_min|20251104_min|20251208_min|20251209_min|20251210_min|20251211_min|20251212_min,2025/12/10,min,8239950462,299664841.7,0.514285714,5628052022,141772596.5,0.555102041,"12/10 min [28191] (dis： -365 , -1.28%) (vol_wei_pr ：55.51%)"
TAIEX-60-20251226,TAIEX,28187.7,-368.32,-0.012898156,10,20251027_max|20251029_max|20251030_max|20251103_max|20251104_max|20251111_max|20251208_max|20251209_max|20251211_max|20251212_max,2025/11/11,max,8924063428,285415867.8,0.463265306,2943843072,124215376.9,0.418367347,"11/11 max [28188] (dis： -368 , -1.29%) (vol_wei_pr ：41.84%)"
TAIEX-60-20251226,TAIEX,28182.6,-373.42,-0.013076752,10,20251027_close|20251029_close|20251030_close|20251103_close|20251104_close|20251111_close|20251208_close|20251209_close|20251211_close|20251212_close,2025/12/9,close,8116345692,285415867.8,0.463265306,5354791174,124215376.9,0.418367347,"12/09 close [28183] (dis： -373 , -1.31%) (vol_wei_pr ：41.84%)"
TAIEX-60-20251226,TAIEX,28168.75,-387.27,-0.013561764,11,20251027_max|20251029_max|20251030_max|20251103_max|20251104_max|20251111_max|20251208_max|20251209_max|20251211_max|20251212_max|20251222_max,2025/12/22,max,8984157012,334754969.4,0.616326531,8096975663,168682265,0.734693878,"12/22 max [28169] (dis： -387 , -1.36%) (vol_wei_pr ：73.47%)"
TAIEX-60-20251226,TAIEX,28157.91,-398.11,-0.013941369,11,20251027_open|20251029_open|20251030_open|20251103_open|20251104_open|20251111_open|20251208_open|20251209_open|20251211_open|20251212_open|20251222_open,2025/10/29,open,9076231278,334754969.4,0.616326531,2191765380,168682265,0.734693878,"10/29 open [28158] (dis： -398 , -1.39%) (vol_wei_pr ：73.47%)"
TAIEX-60-20251226,TAIEX,28157.27,-398.75,-0.013963781,11,20251027_min|20251029_min|20251030_min|20251103_min|20251104_min|20251111_min|20251208_min|20251209_min|20251211_min|20251212_min|20251222_min,2025/12/9,min,8116345692,334754969.4,0.616326531,5354791174,168682265,0.734693878,"12/09 min [28157] (dis： -399 , -1.40%) (vol_wei_pr ：73.47%)"
TAIEX-60-20251226,TAIEX,28150.45,-405.57,-0.014202609,10,20251027_min|20251029_min|20251030_min|20251103_min|20251104_min|20251111_min|20251208_min|20251211_min|20251212_min|20251222_min,2025/11/3,min,8299689369,299916382.1,0.52244898,2223846703,145697369.2,0.587755102,"11/03 min [28150] (dis： -406 , -1.42%) (vol_wei_pr ：58.78%)"
TAIEX-60-20251226,TAIEX,28149.64,-406.38,-0.014230975,9,20251027_close|20251029_close|20251030_close|20251104_close|20251111_close|20251208_close|20251211_close|20251212_close|20251222_close,2025/12/22,close,8984157012,275827192.5,0.42244898,8096975663,139242830.7,0.524489796,"12/22 close [28150] (dis： -406 , -1.42%) (vol_wei_pr ：52.45%)"
TAIEX-60-20251226,TAIEX,28139.65,-416.37,-0.014580813,9,20251027_min|20251029_min|20251030_min|20251104_min|20251111_min|20251208_min|20251211_min|20251212_min|20251222_min,2025/10/29,min,9076231278,275827192.5,0.42244898,2191765380,139242830.7,0.524489796,"10/29 min [28140] (dis： -416 , -1.46%) (vol_wei_pr ：52.45%)"
TAIEX-60-20251226,TAIEX,28119.79,-436.23,-0.015276289,9,20251027_open|20251030_open|20251104_open|20251111_open|20251208_open|20251211_open|20251212_open|20251215_open|20251222_open,2025/12/15,open,7855274707,258387438.5,0.395918367,5953185004,144357861.3,0.567346939,"12/15 open [28120] (dis： -436 , -1.53%) (vol_wei_pr ：56.73%)"
TAIEX-60-20251226,TAIEX,28119.79,-436.23,-0.015276289,9,20251027_max|20251030_max|20251104_max|20251111_max|20251208_max|20251211_max|20251212_max|20251215_max|20251222_max,2025/12/15,max,7855274707,258387438.5,0.395918367,5953185004,144357861.3,0.567346939,"12/15 max [28120] (dis： -436 , -1.53%) (vol_wei_pr ：56.73%)"
TAIEX-60-20251226,TAIEX,28116.6,-439.42,-0.015387999,9,20251027_min|20251030_min|20251104_min|20251111_min|20251208_min|20251211_min|20251212_min|20251215_min|20251222_min,2025/10/30,min,9446378341,258387438.5,0.395918367,2361594585,144357861.3,0.567346939,"10/30 min [28117] (dis： -439 , -1.54%) (vol_wei_pr ：56.73%)"
TAIEX-60-20251226,TAIEX,28116.56,-439.46,-0.0153894,8,20251027_close|20251104_close|20251111_close|20251208_close|20251211_close|20251212_close|20251215_close|20251222_close,2025/11/4,close,8404740088,235408022.5,0.353061224,2331410756,138613007.3,0.516326531,"11/04 close [28117] (dis： -439 , -1.54%) (vol_wei_pr ：51.63%)"
TAIEX-60-20251226,TAIEX,28097.54,-458.48,-0.016055459,8,20251027_open|20251104_open|20251111_open|20251208_open|20251211_open|20251212_open|20251215_open|20251222_open,2025/12/12,open,8508400161,235408022.5,0.353061224,6228513486,138613007.3,0.516326531,"12/12 open [28098] (dis： -458 , -1.61%) (vol_wei_pr ：51.63%)"
TAIEX-60-20251226,TAIEX,28087.93,-468.09,-0.01639199,9,20251027_max|20251028_max|20251104_max|20251111_max|20251208_max|20251211_max|20251212_max|20251215_max|20251222_max,2025/10/28,max,8579810711,277817249.5,0.428571429,2001311614,148505309.3,0.591836735,"10/28 max [28088] (dis： -468 , -1.64%) (vol_wei_pr ：59.18%)"
TAIEX-60-20251226,TAIEX,28071.76,-484.26,-0.016958246,10,20251027_max|20251028_max|20251104_max|20251111_max|20251112_max|20251208_max|20251211_max|20251212_max|20251215_max|20251222_max,2025/11/12,max,8954069218,310755997.3,0.532653061,3057904753,159754223.2,0.667346939,"11/12 max [28072] (dis： -484 , -1.70%) (vol_wei_pr ：66.73%)"
TAIEX-60-20251226,TAIEX,28071.34,-484.68,-0.016972954,10,20251027_min|20251028_min|20251104_min|20251111_min|20251112_min|20251208_min|20251211_min|20251212_min|20251215_min|20251222_min,2025/12/12,min,8508400161,310755997.3,0.532653061,6228513486,159754223.2,0.667346939,"12/12 min [28071] (dis： -485 , -1.70%) (vol_wei_pr ：66.73%)"
TAIEX-60-20251226,TAIEX,28061.53,-494.49,-0.017316489,10,20251027_max|20251028_max|20251104_max|20251106_max|20251111_max|20251112_max|20251208_max|20251211_max|20251215_max|20251222_max,2025/11/6,max,7863001986,311610298.4,0.548979592,2337684477,141579795.8,0.544897959,"11/06 max [28062] (dis： -494 , -1.73%) (vol_wei_pr ：54.49%)"
TAIEX-60-20251226,TAIEX,28041.01,-515.01,-0.018035076,10,20251027_open|20251028_open|20251104_open|20251106_open|20251111_open|20251112_open|20251208_open|20251211_open|20251215_open|20251222_open,2025/10/28,open,8579810711,311610298.4,0.548979592,2001311614,141579795.8,0.544897959,"10/28 open [28041] (dis： -515 , -1.80%) (vol_wei_pr ：54.49%)"
TAIEX-60-20251226,TAIEX,28038.24,-517.78,-0.018132079,11,20251027_max|20251028_max|20251104_max|20251106_max|20251111_max|20251112_max|20251113_max|20251208_max|20251211_max|20251215_max|20251222_max,2025/11/13,max,10545273898,358182192.2,0.775510204,3728317341,158045446.7,0.648979592,"11/13 max [28038] (dis： -518 , -1.81%) (vol_wei_pr ：64.90%)"
TAIEX-60-20251226,TAIEX,28034,-522.02,-0.018280559,11,20251027_open|20251028_open|20251104_open|20251106_open|20251111_open|20251112_open|20251113_open|20251208_open|20251211_open|20251215_open|20251222_open,2025/12/8,open,7603908443,358182192.2,0.775510204,4845821158,158045446.7,0.648979592,"12/08 open [28034] (dis： -522 , -1.83%) (vol_wei_pr ：64.90%)"
TAIEX-60-20251226,TAIEX,28033.62,-522.4,-0.018293866,11,20251027_min|20251028_min|20251104_min|20251106_min|20251111_min|20251112_min|20251113_min|20251208_min|20251211_min|20251215_min|20251222_min,2025/11/4,min,8404740088,358182192.2,0.775510204,2331410756,158045446.7,0.648979592,"11/04 min [28034] (dis： -522 , -1.83%) (vol_wei_pr ：64.90%)"
TAIEX-60-20251226,TAIEX,28031.54,-524.48,-0.018366705,10,20251027_open|20251028_open|20251106_open|20251111_open|20251112_open|20251113_open|20251208_open|20251211_open|20251215_open|20251222_open,2025/11/11,open,8924063428,342049943.8,0.67755102,2943843072,153570484.1,0.632653061,"11/11 open [28032] (dis： -524 , -1.84%) (vol_wei_pr ：63.27%)"
TAIEX-60-20251226,TAIEX,28029.88,-526.14,-0.018424837,10,20251027_open|20251028_open|20251106_open|20251111_open|20251112_open|20251113_open|20251208_open|20251211_open|20251215_open|20251222_open,2025/10/27,open,9337097751,342049943.8,0.67755102,2103765917,153570484.1,0.632653061,"10/27 open [28030] (dis： -526 , -1.84%) (vol_wei_pr ：63.27%)"
TAIEX-60-20251226,TAIEX,28026.39,-529.63,-0.018547052,10,20251027_min|20251028_min|20251106_min|20251111_min|20251112_min|20251113_min|20251208_min|20251211_min|20251215_min|20251222_min,2025/12/8,min,7603908443,342049943.8,0.67755102,4845821158,153570484.1,0.632653061,"12/08 min [28026] (dis： -530 , -1.85%) (vol_wei_pr ：63.27%)"
TAIEX-60-20251226,TAIEX,28024.75,-531.27,-0.018604483,9,20251027_close|20251028_close|20251106_close|20251111_close|20251112_close|20251113_close|20251211_close|20251215_close|20251222_close,2025/12/11,close,8087246896,314637605.8,0.579591837,5718547121,136101140.8,0.485714286,"12/11 close [28025] (dis： -531 , -1.86%) (vol_wei_pr ：48.57%)"
TAIEX-60-20251226,TAIEX,27993.63,-562.39,-0.019694271,9,20251027_close|20251028_close|20251106_close|20251111_close|20251112_close|20251113_close|20251211_close|20251215_close|20251222_close,2025/10/27,close,9337097751,314637605.8,0.579591837,2103765917,136101140.8,0.485714286,"10/27 close [27994] (dis： -562 , -1.97%) (vol_wei_pr ：48.57%)"
TAIEX-60-20251226,TAIEX,27993.63,-562.39,-0.019694271,9,20251027_min|20251028_min|20251106_min|20251111_min|20251112_min|20251113_min|20251211_min|20251215_min|20251222_min,2025/10/27,min,9337097751,314637605.8,0.579591837,2103765917,136101140.8,0.485714286,"10/27 min [27994] (dis： -562 , -1.97%) (vol_wei_pr ：48.57%)"
TAIEX-60-20251226,TAIEX,27986.66,-569.36,-0.019938353,8,20251028_open|20251106_open|20251111_open|20251112_open|20251113_open|20251211_open|20251215_open|20251222_open,2025/12/22,open,8984157012,268573976,0.414285714,8096975663,125722423.9,0.426530612,"12/22 open [27987] (dis： -569 , -1.99%) (vol_wei_pr ：42.65%)"
TAIEX-60-20251226,TAIEX,27986.66,-569.36,-0.019938353,8,20251028_min|20251106_min|20251111_min|20251112_min|20251113_min|20251211_min|20251215_min|20251222_min,2025/12/22,min,8984157012,268573976,0.414285714,8096975663,125722423.9,0.426530612,"12/22 min [27987] (dis： -569 , -1.99%) (vol_wei_pr ：42.65%)"
TAIEX-60-20251226,TAIEX,27984.19,-571.83,-0.020024849,7,20251028_min|20251106_min|20251111_min|20251112_min|20251113_min|20251211_min|20251215_min,2025/12/11,min,8087246896,219234874.4,0.326530612,5718547121,81255535.72,0.314285714,"12/11 min [27984] (dis： -572 , -2.00%) (vol_wei_pr ：31.43%)"
TAIEX-60-20251226,TAIEX,27980.89,-575.13,-0.020140412,7,20251028_close|20251106_close|20251111_close|20251112_close|20251113_close|20251205_close|20251215_close,2025/12/5,close,6781520261,233360539.5,0.344897959,4174515392,88682960.37,0.324489796,"12/05 close [27981] (dis： -575 , -2.01%) (vol_wei_pr ：32.45%)"
TAIEX-60-20251226,TAIEX,27980.89,-575.13,-0.020140412,7,20251028_max|20251106_max|20251111_max|20251112_max|20251113_max|20251205_max|20251215_max,2025/12/5,max,6781520261,233360539.5,0.344897959,4174515392,88682960.37,0.324489796,"12/05 max [27981] (dis： -575 , -2.01%) (vol_wei_pr ：32.45%)"
TAIEX-60-20251226,TAIEX,27976.89,-579.13,-0.020280487,8,20251028_max|20251106_max|20251110_max|20251111_max|20251112_max|20251113_max|20251205_max|20251215_max,2025/11/10,max,7491028505,258635620.5,0.404081633,2386942498,96736616.14,0.330612245,"11/10 max [27977] (dis： -579 , -2.03%) (vol_wei_pr ：33.06%)"
TAIEX-60-20251226,TAIEX,27969.05,-586.97,-0.020555035,9,20251021_max|20251028_max|20251106_max|20251110_max|20251111_max|20251112_max|20251113_max|20251205_max|20251215_max,2025/10/21,max,8507303277,296195458.4,0.489795918,1727519368,104363633.2,0.355102041,"10/21 max [27969] (dis： -587 , -2.06%) (vol_wei_pr ：35.51%)"
TAIEX-60-20251226,TAIEX,27967.978,-588.042,-0.020592576,9,20251021_10MA|20251028_10MA|20251106_10MA|20251110_10MA|20251111_10MA|20251112_10MA|20251113_10MA|20251205_10MA|20251215_10MA,2025/12/26,10MA,8057092373,296195458.4,0.489795918,8057092373,104363633.2,0.355102041,"12/26 10MA [27968] (dis： -588 , -2.06%) (vol_wei_pr ：35.51%)"
TAIEX-60-20251226,TAIEX,27949.11,-606.91,-0.021253312,9,20251021_close|20251028_close|20251106_close|20251110_close|20251111_close|20251112_close|20251113_close|20251205_close|20251215_close,2025/10/28,close,8579810711,296195458.4,0.489795918,2001311614,104363633.2,0.355102041,"10/28 close [27949] (dis： -607 , -2.13%) (vol_wei_pr ：35.51%)"
TAIEX-60-20251226,TAIEX,27947.09,-608.93,-0.02132405,9,20251021_close|20251028_close|20251106_close|20251110_close|20251111_close|20251112_close|20251113_close|20251205_close|20251215_close,2025/11/12,close,8954069218,296195458.4,0.489795918,3057904753,104363633.2,0.355102041,"11/12 close [27947] (dis： -609 , -2.13%) (vol_wei_pr ：35.51%)"
TAIEX-60-20251226,TAIEX,27934.728,-621.292,-0.021756954,9,20251021_20MA|20251028_20MA|20251106_20MA|20251110_20MA|20251111_20MA|20251112_20MA|20251113_20MA|20251205_20MA|20251215_20MA,2025/12/26,20MA,8057092373,296195458.4,0.489795918,8057092373,104363633.2,0.355102041,"12/26 20MA [27935] (dis： -621 , -2.18%) (vol_wei_pr ：35.51%)"
TAIEX-60-20251226,TAIEX,27906.44,-649.58,-0.022747568,9,20251021_open|20251028_open|20251106_open|20251110_open|20251111_open|20251112_open|20251113_open|20251205_open|20251215_open,2025/11/6,open,7863001986,296195458.4,0.489795918,2337684477,104363633.2,0.355102041,"11/06 open [27906] (dis： -650 , -2.27%) (vol_wei_pr ：35.51%)"
TAIEX-60-20251226,TAIEX,27903.56,-652.46,-0.022848422,9,20251021_close|20251028_close|20251106_close|20251110_close|20251111_close|20251112_close|20251113_close|20251205_close|20251215_close,2025/11/13,close,10545273898,296195458.4,0.489795918,3728317341,104363633.2,0.355102041,"11/13 close [27904] (dis： -652 , -2.28%) (vol_wei_pr ：35.51%)"
TAIEX-60-20251226,TAIEX,27899.45,-656.57,-0.02299235,9,20251021_close|20251028_close|20251106_close|20251110_close|20251111_close|20251112_close|20251113_close|20251205_close|20251215_close,2025/11/6,close,7863001986,296195458.4,0.489795918,2337684477,104363633.2,0.355102041,"11/06 close [27899] (dis： -657 , -2.30%) (vol_wei_pr ：35.51%)"
TAIEX-60-20251226,TAIEX,27885.62,-670.4,-0.023476661,9,20251021_min|20251028_min|20251106_min|20251110_min|20251111_min|20251112_min|20251113_min|20251205_min|20251215_min,2025/10/28,min,8579810711,296195458.4,0.489795918,2001311614,104363633.2,0.355102041,"10/28 min [27886] (dis： -670 , -2.35%) (vol_wei_pr ：35.51%)"
TAIEX-60-20251226,TAIEX,27880.23,-675.79,-0.023665413,9,20251021_max|20251106_max|20251110_max|20251111_max|20251112_max|20251113_max|20251204_max|20251205_max|20251215_max,2025/12/4,max,6475222009,280367602.6,0.434693878,3850190042,110276709.1,0.385714286,"12/04 max [27880] (dis： -676 , -2.37%) (vol_wei_pr ：38.57%)"
TAIEX-60-20251226,TAIEX,27879.7,-676.32,-0.023683973,9,20251021_min|20251106_min|20251110_min|20251111_min|20251112_min|20251113_min|20251204_min|20251205_min|20251215_min,2025/11/6,min,7863001986,280367602.6,0.434693878,2337684477,110276709.1,0.385714286,"11/06 min [27880] (dis： -676 , -2.37%) (vol_wei_pr ：38.57%)"
TAIEX-60-20251226,TAIEX,27869.78,-686.24,-0.02403136,9,20251021_max|20251110_max|20251111_max|20251112_max|20251113_max|20251204_max|20251205_max|20251215_max|20251219_max,2025/12/19,max,9145168124,283374689.5,0.448979592,7961331262,137683928.8,0.502040816,"12/19 max [27870] (dis： -686 , -2.40%) (vol_wei_pr ：50.20%)"
TAIEX-60-20251226,TAIEX,27869.51,-686.51,-0.024040815,9,20251021_close|20251110_close|20251111_close|20251112_close|20251113_close|20251204_close|20251205_close|20251215_close|20251219_close,2025/11/10,close,7491028505,283374689.5,0.448979592,2386942498,137683928.8,0.502040816,"11/10 close [27870] (dis： -687 , -2.40%) (vol_wei_pr ：50.20%)"
TAIEX-60-20251226,TAIEX,27867.59,-688.43,-0.024108051,9,20251021_open|20251110_open|20251111_open|20251112_open|20251113_open|20251204_open|20251205_open|20251215_open|20251219_open,2025/11/13,open,10545273898,283374689.5,0.448979592,3728317341,137683928.8,0.502040816,"11/13 open [27868] (dis： -688 , -2.41%) (vol_wei_pr ：50.20%)"
TAIEX-60-20251226,TAIEX,27866.94,-689.08,-0.024130814,9,20251021_close|20251110_close|20251111_close|20251112_close|20251113_close|20251204_close|20251205_close|20251215_close|20251219_close,2025/12/15,close,7855274707,283374689.5,0.448979592,5953185004,137683928.8,0.502040816,"12/15 close [27867] (dis： -689 , -2.41%) (vol_wei_pr ：50.20%)"
TAIEX-60-20251226,TAIEX,27853.47,-702.55,-0.024602518,9,20251021_open|20251110_open|20251111_open|20251112_open|20251113_open|20251204_open|20251205_open|20251215_open|20251219_open,2025/11/12,open,8954069218,283374689.5,0.448979592,3057904753,137683928.8,0.502040816,"11/12 open [27853] (dis： -703 , -2.46%) (vol_wei_pr ：50.20%)"
TAIEX-60-20251226,TAIEX,27847.67,-708.35,-0.024805628,10,20251021_max|20251110_max|20251111_max|20251112_max|20251113_max|20251203_max|20251204_max|20251205_max|20251215_max|20251219_max,2025/12/3,max,6838633055,311628833.7,0.555102041,3927763270,153911673.3,0.640816327,"12/03 max [27848] (dis： -708 , -2.48%) (vol_wei_pr ：64.08%)"
TAIEX-60-20251226,TAIEX,27818.54,-737.48,-0.025825728,11,20251021_open|20251107_open|20251110_open|20251111_open|20251112_open|20251113_open|20251203_open|20251204_open|20251205_open|20251215_open|20251219_open,2025/11/7,open,7878592276,351609511,0.736734694,2424921216,166217170.2,0.691836735,"11/07 open [27819] (dis： -737 , -2.58%) (vol_wei_pr ：69.18%)"
TAIEX-60-20251226,TAIEX,27818.54,-737.48,-0.025825728,11,20251021_max|20251107_max|20251110_max|20251111_max|20251112_max|20251113_max|20251203_max|20251204_max|20251205_max|20251215_max|20251219_max,2025/11/7,max,7878592276,351609511,0.736734694,2424921216,166217170.2,0.691836735,"11/07 max [27819] (dis： -737 , -2.58%) (vol_wei_pr ：69.18%)"
TAIEX-60-20251226,TAIEX,27816.45,-739.57,-0.025898917,12,20251021_open|20251107_open|20251110_open|20251111_open|20251112_open|20251113_open|20251114_open|20251203_open|20251204_open|20251205_open|20251215_open|20251219_open,2025/11/14,open,9939352945,374558306.8,0.828571429,3638016118,174616921.1,0.783673469,"11/14 open [27816] (dis： -740 , -2.59%) (vol_wei_pr ：78.37%)"
TAIEX-60-20251226,TAIEX,27816.45,-739.57,-0.025898917,12,20251021_max|20251107_max|20251110_max|20251111_max|20251112_max|20251113_max|20251114_max|20251203_max|20251204_max|20251205_max|20251215_max|20251219_max,2025/11/14,max,9939352945,374558306.8,0.828571429,3638016118,174616921.1,0.783673469,"11/14 max [27816] (dis： -740 , -2.59%) (vol_wei_pr ：78.37%)"
TAIEX-60-20251226,TAIEX,27811.81,-744.21,-0.026061405,12,20251021_min|20251107_min|20251110_min|20251111_min|20251112_min|20251113_min|20251114_min|20251203_min|20251204_min|20251205_min|20251215_min|20251219_min,2025/11/13,min,10545273898,374558306.8,0.828571429,3728317341,174616921.1,0.783673469,"11/13 min [27812] (dis： -744 , -2.61%) (vol_wei_pr ：78.37%)"
TAIEX-60-20251226,TAIEX,27805.47,-750.55,-0.026283425,11,20251021_open|20251107_open|20251110_open|20251111_open|20251112_open|20251114_open|20251203_open|20251204_open|20251205_open|20251215_open|20251219_open,2025/11/10,open,7491028505,327986413.1,0.606122449,2386942498,158151270.2,0.659183673,"11/10 open [27805] (dis： -751 , -2.63%) (vol_wei_pr ：65.92%)"
TAIEX-60-20251226,TAIEX,27799.92,-756.1,-0.026477779,11,20251021_min|20251107_min|20251110_min|20251111_min|20251112_min|20251114_min|20251203_min|20251204_min|20251205_min|20251215_min|20251219_min,2025/11/12,min,8954069218,327986413.1,0.606122449,3057904753,158151270.2,0.659183673,"11/12 min [27800] (dis： -756 , -2.65%) (vol_wei_pr ：65.92%)"
TAIEX-60-20251226,TAIEX,27799.09,-756.93,-0.026506845,11,20251021_max|20251105_max|20251107_max|20251110_max|20251111_max|20251114_max|20251203_max|20251204_max|20251205_max|20251215_max|20251219_max,2025/11/5,max,8989778518,316148450.4,0.587755102,2581635949,152961965.6,0.616326531,"11/05 max [27799] (dis： -757 , -2.65%) (vol_wei_pr ：61.63%)"
TAIEX-60-20251226,TAIEX,27796.9,-759.12,-0.026583537,12,20251021_max|20251105_max|20251107_max|20251110_max|20251111_max|20251114_max|20251128_max|20251203_max|20251204_max|20251205_max|20251215_max|20251219_max,2025/11/28,max,7671742311,349391115.8,0.718367347,3971142860,170169448.3,0.755102041,"11/28 max [27797] (dis： -759 , -2.66%) (vol_wei_pr ：75.51%)"
TAIEX-60-20251226,TAIEX,27796.43,-759.59,-0.026599995,12,20251021_open|20251105_open|20251107_open|20251110_open|20251111_open|20251114_open|20251128_open|20251203_open|20251204_open|20251205_open|20251215_open|20251219_open,2025/12/5,open,6781520261,349391115.8,0.718367347,4174515392,170169448.3,0.755102041,"12/05 open [27796] (dis： -760 , -2.66%) (vol_wei_pr ：75.51%)"
TAIEX-60-20251226,TAIEX,27795.71,-760.31,-0.026625209,12,20251021_close|20251105_close|20251107_close|20251110_close|20251111_close|20251114_close|20251128_close|20251203_close|20251204_close|20251205_close|20251215_close|20251219_close,2025/12/4,close,6475222009,349391115.8,0.718367347,3850190042,170169448.3,0.755102041,"12/04 close [27796] (dis： -760 , -2.66%) (vol_wei_pr ：75.51%)"
TAIEX-60-20251226,TAIEX,27793.04,-762.98,-0.026718709,12,20251021_close|20251105_close|20251107_close|20251110_close|20251111_close|20251114_close|20251128_close|20251203_close|20251204_close|20251205_close|20251215_close|20251219_close,2025/12/3,close,6838633055,349391115.8,0.718367347,3927763270,170169448.3,0.755102041,"12/03 close [27793] (dis： -763 , -2.67%) (vol_wei_pr ：75.51%)"
TAIEX-60-20251226,TAIEX,27785.91,-770.11,-0.026968394,12,20251021_open|20251105_open|20251107_open|20251110_open|20251111_open|20251114_open|20251128_open|20251203_open|20251204_open|20251205_open|20251215_open|20251219_open,2025/11/5,open,8989778518,349391115.8,0.718367347,2581635949,170169448.3,0.755102041,"11/05 open [27786] (dis： -770 , -2.70%) (vol_wei_pr ：75.51%)"
TAIEX-60-20251226,TAIEX,27784.95,-771.07,-0.027002012,12,20251021_close|20251105_close|20251107_close|20251110_close|20251111_close|20251114_close|20251128_close|20251203_close|20251204_close|20251205_close|20251215_close|20251219_close,2025/11/11,close,8924063428,349391115.8,0.718367347,2943843072,170169448.3,0.755102041,"11/11 close [27785] (dis： -771 , -2.70%) (vol_wei_pr ：75.51%)"
TAIEX-60-20251226,TAIEX,27784.95,-771.07,-0.027002012,12,20251021_min|20251105_min|20251107_min|20251110_min|20251111_min|20251114_min|20251128_min|20251203_min|20251204_min|20251205_min|20251215_min|20251219_min,2025/11/11,min,8924063428,349391115.8,0.718367347,2943843072,170169448.3,0.755102041,"11/11 min [27785] (dis： -771 , -2.70%) (vol_wei_pr ：75.51%)"
TAIEX-60-20251226,TAIEX,27780.69,-775.33,-0.027151193,12,20251021_max|20251105_max|20251107_max|20251110_max|20251114_max|20251128_max|20251203_max|20251204_max|20251205_max|20251215_max|20251217_max|20251219_max,2025/12/17,max,9020647323,356230197.7,0.757142857,7327042405,186412898.4,0.846938776,"12/17 max [27781] (dis： -775 , -2.72%) (vol_wei_pr ：84.69%)"
TAIEX-60-20251226,TAIEX,27773.42,-782.6,-0.02740578,12,20251021_open|20251105_open|20251107_open|20251110_open|20251114_open|20251128_open|20251203_open|20251204_open|20251205_open|20251215_open|20251217_open|20251219_open,2025/12/4,open,6475222009,356230197.7,0.757142857,3850190042,186412898.4,0.846938776,"12/04 open [27773] (dis： -783 , -2.74%) (vol_wei_pr ：84.69%)"
TAIEX-60-20251226,TAIEX,27768.27,-787.75,-0.027586127,13,20251020_max|20251021_max|20251105_max|20251107_max|20251110_max|20251114_max|20251128_max|20251203_max|20251204_max|20251205_max|20251215_max|20251217_max|20251219_max,2025/10/20,max,8045886081,378842434.5,0.842857143,1578168568,190848198.7,0.887755102,"10/20 max [27768] (dis： -788 , -2.76%) (vol_wei_pr ：88.78%)"
TAIEX-60-20251226,TAIEX,27752.41,-803.61,-0.028141527,13,20251020_close|20251021_close|20251105_close|20251107_close|20251110_close|20251114_close|20251128_close|20251203_close|20251204_close|20251205_close|20251215_close|20251217_close|20251219_close,2025/10/21,close,8507303277,378842434.5,0.842857143,1727519368,190848198.7,0.887755102,"10/21 close [27752] (dis： -804 , -2.81%) (vol_wei_pr ：88.78%)"
TAIEX-60-20251226,TAIEX,27742.55,-813.47,-0.028486813,13,20251020_open|20251021_open|20251105_open|20251107_open|20251110_open|20251114_open|20251128_open|20251203_open|20251204_open|20251205_open|20251215_open|20251217_open|20251219_open,2025/10/21,open,8507303277,378842434.5,0.842857143,1727519368,190848198.7,0.887755102,"10/21 open [27743] (dis： -813 , -2.85%) (vol_wei_pr ：88.78%)"
TAIEX-60-20251226,TAIEX,27742.55,-813.47,-0.028486813,13,20251020_min|20251021_min|20251105_min|20251107_min|20251110_min|20251114_min|20251128_min|20251203_min|20251204_min|20251205_min|20251215_min|20251217_min|20251219_min,2025/10/21,min,8507303277,378842434.5,0.842857143,1727519368,190848198.7,0.887755102,"10/21 min [27743] (dis： -813 , -2.85%) (vol_wei_pr ：88.78%)"
TAIEX-60-20251226,TAIEX,27741.89,-814.13,-0.028509925,13,20251020_max|20251105_max|20251107_max|20251110_max|20251114_max|20251128_max|20251202_max|20251203_max|20251204_max|20251205_max|20251215_max|20251217_max|20251219_max,2025/12/2,max,7321099919,368931299,0.816326531,4061634486,198560259.7,0.918367347,"12/02 max [27742] (dis： -814 , -2.85%) (vol_wei_pr ：91.84%)"
TAIEX-60-20251226,TAIEX,27740.66,-815.36,-0.028552999,14,20251020_max|20251105_max|20251107_max|20251110_max|20251114_max|20251128_max|20251202_max|20251203_max|20251204_max|20251205_max|20251215_max|20251216_max|20251217_max|20251219_max,2025/12/16,max,9586999810,393833244,0.871428571,7521807597,218097929.8,0.96122449,"12/16 max [27741] (dis： -815 , -2.86%) (vol_wei_pr ：96.12%)"
TAIEX-60-20251226,TAIEX,27738.5,-817.52,-0.028628639,14,20251020_min|20251105_min|20251107_min|20251110_min|20251114_min|20251128_min|20251202_min|20251203_min|20251204_min|20251205_min|20251215_min|20251216_min|20251217_min|20251219_min,2025/12/5,min,6781520261,393833244,0.871428571,4174515392,218097929.8,0.96122449,"12/05 min [27738] (dis： -818 , -2.86%) (vol_wei_pr ：96.12%)"
TAIEX-60-20251226,TAIEX,27732.78,-823.24,-0.028828947,14,20251016_max|20251020_max|20251105_max|20251107_max|20251110_max|20251114_max|20251128_max|20251202_max|20251203_max|20251204_max|20251215_max|20251216_max|20251217_max|20251219_max,2025/10/16,max,9035460141,388703496,0.857142857,1653585994,205057045.3,0.942857143,"10/16 max [27733] (dis： -823 , -2.88%) (vol_wei_pr ：94.29%)"
TAIEX-60-20251226,TAIEX,27725.83,-830.19,-0.029072329,15,20251016_max|20251020_max|20251022_max|20251105_max|20251107_max|20251110_max|20251114_max|20251128_max|20251202_max|20251203_max|20251204_max|20251215_max|20251216_max|20251217_max|20251219_max,2025/10/22,max,7835590935,422054951.4,0.946938776,1647230082,212068325.1,0.946938776,"10/22 max [27726] (dis： -830 , -2.91%) (vol_wei_pr ：94.69%)"
TAIEX-60-20251226,TAIEX,27723.77,-832.25,-0.029144468,16,20251016_max|20251020_max|20251022_max|20251105_max|20251107_max|20251110_max|20251114_max|20251117_max|20251128_max|20251202_max|20251203_max|20251204_max|20251215_max|20251216_max|20251217_max|20251219_max,2025/11/17,max,8604107358,453177382.7,0.971428571,3260347016,223861521.3,0.975510204,"11/17 max [27724] (dis： -832 , -2.91%) (vol_wei_pr ：97.55%)"
TAIEX-60-20251226,TAIEX,27721.1,-834.92,-0.029237968,16,20251016_open|20251020_open|20251022_open|20251105_open|20251107_open|20251110_open|20251114_open|20251117_open|20251128_open|20251202_open|20251203_open|20251204_open|20251215_open|20251216_open|20251217_open|20251219_open,2025/12/16,open,9586999810,453177382.7,0.971428571,7521807597,223861521.3,0.975510204,"12/16 open [27721] (dis： -835 , -2.92%) (vol_wei_pr ：97.55%)"
TAIEX-60-20251226,TAIEX,27717.06,-838.96,-0.029379444,16,20251016_close|20251020_close|20251022_close|20251105_close|20251107_close|20251110_close|20251114_close|20251117_close|20251128_close|20251202_close|20251203_close|20251204_close|20251215_close|20251216_close|20251217_close|20251219_close,2025/11/5,close,8989778518,453177382.7,0.971428571,2581635949,223861521.3,0.975510204,"11/05 close [27717] (dis： -839 , -2.94%) (vol_wei_pr ：97.55%)"
TAIEX-60-20251226,TAIEX,27697.06,-858.96,-0.030079822,17,20251016_max|20251020_max|20251022_max|20251105_max|20251107_max|20251110_max|20251114_max|20251117_max|20251128_max|20251201_max|20251202_max|20251203_max|20251204_max|20251215_max|20251216_max|20251217_max|20251219_max,2025/12/1,max,7418235597,474101523.4,0.991836735,3975334026,235074490.7,0.991836735,"12/01 max [27697] (dis： -859 , -3.01%) (vol_wei_pr ：99.18%)"
TAIEX-60-20251226,TAIEX,27696.35,-859.67,-0.030104685,17,20251016_close|20251020_close|20251022_close|20251105_close|20251107_close|20251110_close|20251114_close|20251117_close|20251128_close|20251201_close|20251202_close|20251203_close|20251204_close|20251215_close|20251216_close|20251217_close|20251219_close,2025/12/19,close,9145168124,474101523.4,0.991836735,7961331262,235074490.7,0.991836735,"12/19 close [27696] (dis： -860 , -3.01%) (vol_wei_pr ：99.18%)"
TAIEX-60-20251226,TAIEX,27688.63,-867.39,-0.030375031,17,20251016_close|20251020_close|20251022_close|20251105_close|20251107_close|20251110_close|20251114_close|20251117_close|20251128_close|20251201_close|20251202_close|20251203_close|20251204_close|20251215_close|20251216_close|20251217_close|20251219_close,2025/10/20,close,8045886081,474101523.4,0.991836735,1578168568,235074490.7,0.991836735,"10/20 close [27689] (dis： -867 , -3.04%) (vol_wei_pr ：99.18%)"
TAIEX-60-20251226,TAIEX,27685.74,-870.28,-0.030476236,17,20251016_open|20251020_open|20251022_open|20251105_open|20251107_open|20251110_open|20251114_open|20251117_open|20251128_open|20251201_open|20251202_open|20251203_open|20251204_open|20251215_open|20251216_open|20251217_open|20251219_open,2025/12/19,open,9145168124,474101523.4,0.991836735,7961331262,235074490.7,0.991836735,"12/19 open [27686] (dis： -870 , -3.05%) (vol_wei_pr ：99.18%)"
TAIEX-60-20251226,TAIEX,27684.87,-871.15,-0.030506702,17,20251016_min|20251020_min|20251022_min|20251105_min|20251107_min|20251110_min|20251114_min|20251117_min|20251128_min|20251201_min|20251202_min|20251203_min|20251204_min|20251215_min|20251216_min|20251217_min|20251219_min,2025/12/15,min,7855274707,474101523.4,0.991836735,5953185004,235074490.7,0.991836735,"12/15 min [27685] (dis： -871 , -3.05%) (vol_wei_pr ：99.18%)"
TAIEX-60-20251226,TAIEX,27680.51,-875.51,-0.030659385,16,20251016_min|20251020_min|20251022_min|20251105_min|20251107_min|20251110_min|20251114_min|20251117_min|20251128_min|20251201_min|20251202_min|20251203_min|20251204_min|20251216_min|20251217_min|20251219_min,2025/11/10,min,7491028505,456040099,0.979591837,2386942498,221386490.6,0.967346939,"11/10 min [27681] (dis： -876 , -3.07%) (vol_wei_pr ：96.73%)"
TAIEX-60-20251226,TAIEX,27674.16,-881.86,-0.030881755,15,20251016_open|20251020_open|20251022_open|20251105_open|20251107_open|20251114_open|20251117_open|20251128_open|20251201_open|20251202_open|20251203_open|20251204_open|20251216_open|20251217_open|20251219_open,2025/12/1,open,7418235597,430765018,0.953061224,3975334026,213332834.8,0.953061224,"12/01 open [27674] (dis： -882 , -3.09%) (vol_wei_pr ：95.31%)"
TAIEX-60-20251226,TAIEX,27672.05,-883.97,-0.030955644,15,20251016_min|20251020_min|20251022_min|20251105_min|20251107_min|20251114_min|20251117_min|20251128_min|20251201_min|20251202_min|20251203_min|20251204_min|20251216_min|20251217_min|20251219_min,2025/12/19,min,9145168124,430765018,0.953061224,7961331262,213332834.8,0.953061224,"12/19 min [27672] (dis： -884 , -3.10%) (vol_wei_pr ：95.31%)"
TAIEX-60-20251226,TAIEX,27659.06,-896.96,-0.03141054,15,20251016_max|20251020_max|20251022_max|20251105_max|20251107_max|20251114_max|20251117_max|20251127_max|20251128_max|20251201_max|20251202_max|20251203_max|20251204_max|20251216_max|20251217_max,2025/11/27,max,7539156843,418402651.1,0.930612245,3769578422,190013396.2,0.86122449,"11/27 max [27659] (dis： -897 , -3.14%) (vol_wei_pr ：86.12%)"
TAIEX-60-20251226,TAIEX,27651.41,-904.61,-0.031678434,15,20251016_close|20251020_close|20251022_close|20251105_close|20251107_close|20251114_close|20251117_close|20251127_close|20251128_close|20251201_close|20251202_close|20251203_close|20251204_close|20251216_close|20251217_close,2025/11/7,close,7878592276,418402651.1,0.930612245,2424921216,190013396.2,0.86122449,"11/07 close [27651] (dis： -905 , -3.17%) (vol_wei_pr ：86.12%)"
TAIEX-60-20251226,TAIEX,27648.91,-907.11,-0.031765981,15,20251016_close|20251020_close|20251022_close|20251105_close|20251107_close|20251114_close|20251117_close|20251127_close|20251128_close|20251201_close|20251202_close|20251203_close|20251204_close|20251216_close|20251217_close,2025/10/22,close,7835590935,418402651.1,0.930612245,1647230082,190013396.2,0.86122449,"10/22 close [27649] (dis： -907 , -3.18%) (vol_wei_pr ：86.12%)"
TAIEX-60-20251226,TAIEX,27647.87,-908.15,-0.031802401,15,20251016_close|20251020_close|20251022_close|20251105_close|20251107_close|20251114_close|20251117_close|20251127_close|20251128_close|20251201_close|20251202_close|20251203_close|20251204_close|20251216_close|20251217_close,2025/10/16,close,9035460141,418402651.1,0.930612245,1653585994,190013396.2,0.86122449,"10/16 close [27648] (dis： -908 , -3.18%) (vol_wei_pr ：86.12%)"
TAIEX-60-20251226,TAIEX,27636.63,-919.39,-0.032196013,15,20251016_min|20251020_min|20251022_min|20251105_min|20251107_min|20251114_min|20251117_min|20251127_min|20251128_min|20251201_min|20251202_min|20251203_min|20251204_min|20251216_min|20251217_min,2025/12/4,min,6475222009,418402651.1,0.930612245,3850190042,190013396.2,0.86122449,"12/04 min [27637] (dis： -919 , -3.22%) (vol_wei_pr ：86.12%)"
TAIEX-60-20251226,TAIEX,27626.48,-929.54,-0.032551455,14,20251016_close|20251020_close|20251022_close|20251105_close|20251107_close|20251114_close|20251117_close|20251127_close|20251128_close|20251201_close|20251202_close|20251203_close|20251216_close|20251217_close,2025/11/28,close,7671742311,391821280,0.863265306,3971142860,174208018.3,0.773469388,"11/28 close [27626] (dis： -930 , -3.26%) (vol_wei_pr ：77.35%)"
TAIEX-60-20251226,TAIEX,27621.48,-934.54,-0.032726549,14,20251016_min|20251020_min|20251022_min|20251105_min|20251107_min|20251114_min|20251117_min|20251127_min|20251128_min|20251201_min|20251202_min|20251203_min|20251216_min|20251217_min,2025/11/7,min,7878592276,391821280,0.863265306,2424921216,174208018.3,0.773469388,"11/07 min [27621] (dis： -935 , -3.27%) (vol_wei_pr ：77.35%)"
TAIEX-60-20251226,TAIEX,27614.11,-941.91,-0.032984639,13,20251016_open|20251020_open|20251022_open|20251105_open|20251114_open|20251117_open|20251127_open|20251128_open|20251201_open|20251202_open|20251203_open|20251216_open|20251217_open,2025/10/22,open,7835590935,351840602.6,0.746938776,1647230082,161902521.5,0.67755102,"10/22 open [27614] (dis： -942 , -3.30%) (vol_wei_pr ：67.76%)"
TAIEX-60-20251226,TAIEX,27605.63,-950.39,-0.033281599,13,20251016_open|20251020_open|20251022_open|20251105_open|20251114_open|20251117_open|20251127_open|20251128_open|20251201_open|20251202_open|20251203_open|20251216_open|20251217_open,2025/12/3,open,6838633055,351840602.6,0.746938776,3927763270,161902521.5,0.67755102,"12/03 open [27606] (dis： -950 , -3.33%) (vol_wei_pr ：67.76%)"
TAIEX-60-20251226,TAIEX,27605.63,-950.39,-0.033281599,13,20251016_min|20251020_min|20251022_min|20251105_min|20251114_min|20251117_min|20251127_min|20251128_min|20251201_min|20251202_min|20251203_min|20251216_min|20251217_min,2025/12/3,min,6838633055,351840602.6,0.746938776,3927763270,161902521.5,0.67755102,"12/03 min [27606] (dis： -950 , -3.33%) (vol_wei_pr ：67.76%)"
TAIEX-60-20251226,TAIEX,27600.74,-955.28,-0.033452841,12,20251016_open|20251020_open|20251022_open|20251105_open|20251114_open|20251117_open|20251127_open|20251128_open|20251201_open|20251202_open|20251216_open|20251217_open,2025/11/17,open,8604107358,323586458.5,0.597959184,3260347016,145674777,0.581632653,"11/17 open [27601] (dis： -955 , -3.35%) (vol_wei_pr ：58.16%)"
TAIEX-60-20251226,TAIEX,27596.18,-959.84,-0.033612527,12,20251016_open|20251020_open|20251022_open|20251105_open|20251114_open|20251117_open|20251127_open|20251128_open|20251201_open|20251202_open|20251216_open|20251217_open,2025/12/17,open,9020647323,323586458.5,0.597959184,7327042405,145674777,0.581632653,"12/17 open [27596] (dis： -960 , -3.36%) (vol_wei_pr ：58.16%)"
TAIEX-60-20251226,TAIEX,27586.85,-969.17,-0.033939253,13,20251016_max|20251020_max|20251022_max|20251023_max|20251105_max|20251114_max|20251117_max|20251127_max|20251128_max|20251201_max|20251202_max|20251216_max|20251217_max,2025/10/23,max,7318554768,357597773.5,0.765306122,1592792994,153076919.4,0.62244898,"10/23 max [27587] (dis： -969 , -3.39%) (vol_wei_pr ：62.24%)"
TAIEX-60-20251226,TAIEX,27569.75183,-986.2681667,-0.034538012,13,20251016_60MA|20251020_60MA|20251022_60MA|20251023_60MA|20251105_60MA|20251114_60MA|20251117_60MA|20251127_60MA|20251128_60MA|20251201_60MA|20251202_60MA|20251216_60MA|20251217_60MA,2025/12/26,60MA,8057092373,357597773.5,0.765306122,8057092373,153076919.4,0.62244898,"12/26 60MA [27570] (dis： -986 , -3.45%) (vol_wei_pr ：62.24%)"
TAIEX-60-20251226,TAIEX,27569.44,-986.58,-0.034548932,14,20251016_max|20251020_max|20251022_max|20251023_max|20251105_max|20251114_max|20251117_max|20251127_max|20251128_max|20251201_max|20251202_max|20251216_max|20251217_max|20251218_max,2025/12/18,max,8450315748,396241921.1,0.881632653,7105840220,185572644.5,0.836734694,"12/18 max [27569] (dis： -987 , -3.45%) (vol_wei_pr ：83.67%)"
TAIEX-60-20251226,TAIEX,27566.12,-989.9,-0.034665195,14,20251016_open|20251020_open|20251022_open|20251023_open|20251105_open|20251114_open|20251117_open|20251127_open|20251128_open|20251201_open|20251202_open|20251216_open|20251217_open|20251218_open,2025/11/28,open,7671742311,396241921.1,0.881632653,3971142860,185572644.5,0.836734694,"11/28 open [27566] (dis： -990 , -3.47%) (vol_wei_pr ：83.67%)"
TAIEX-60-20251226,TAIEX,27566.12,-989.9,-0.034665195,14,20251016_min|20251020_min|20251022_min|20251023_min|20251105_min|20251114_min|20251117_min|20251127_min|20251128_min|20251201_min|20251202_min|20251216_min|20251217_min|20251218_min,2025/11/28,min,7671742311,396241921.1,0.881632653,3971142860,185572644.5,0.836734694,"11/28 min [27566] (dis： -990 , -3.47%) (vol_wei_pr ：83.67%)"
TAIEX-60-20251226,TAIEX,27564.27,-991.75,-0.03472998,13,20251016_close|20251020_close|20251022_close|20251023_close|20251105_close|20251114_close|20251117_close|20251127_close|20251201_close|20251202_close|20251216_close|20251217_close|20251218_close,2025/12/2,close,7321099919,362999255.7,0.8,4061634486,168365161.8,0.714285714,"12/02 close [27564] (dis： -992 , -3.47%) (vol_wei_pr ：71.43%)"
TAIEX-60-20251226,TAIEX,27554.53,-1001.49,-0.035071064,13,20251016_close|20251020_close|20251022_close|20251023_close|20251105_close|20251114_close|20251117_close|20251127_close|20251201_close|20251202_close|20251216_close|20251217_close|20251218_close,2025/11/27,close,7539156843,362999255.7,0.8,3769578422,168365161.8,0.714285714,"11/27 close [27555] (dis： -1001 , -3.51%) (vol_wei_pr ：71.43%)"
TAIEX-60-20251226,TAIEX,27550.35,-1005.67,-0.035217443,13,20251016_open|20251020_open|20251022_open|20251023_open|20251105_open|20251114_open|20251117_open|20251127_open|20251201_open|20251202_open|20251216_open|20251217_open|20251218_open,2025/12/2,open,7321099919,362999255.7,0.8,4061634486,168365161.8,0.714285714,"12/02 open [27550] (dis： -1006 , -3.52%) (vol_wei_pr ：71.43%)"
TAIEX-60-20251226,TAIEX,27536.66,-1019.36,-0.035696851,13,20251016_close|20251020_close|20251022_close|20251023_close|20251105_close|20251114_close|20251117_close|20251127_close|20251201_close|20251202_close|20251216_close|20251217_close|20251218_close,2025/12/16,close,9586999810,362999255.7,0.8,7521807597,168365161.8,0.714285714,"12/16 close [27537] (dis： -1019 , -3.57%) (vol_wei_pr ：71.43%)"
TAIEX-60-20251226,TAIEX,27532.26,-1023.76,-0.035850934,13,20251016_close|20251020_close|20251022_close|20251023_close|20251105_close|20251114_close|20251117_close|20251127_close|20251201_close|20251202_close|20251216_close|20251217_close|20251218_close,2025/10/23,close,7318554768,362999255.7,0.8,1592792994,168365161.8,0.714285714,"10/23 close [27532] (dis： -1024 , -3.59%) (vol_wei_pr ：71.43%)"
TAIEX-60-20251226,TAIEX,27525.17,-1030.85,-0.036099218,13,20251016_close|20251020_close|20251022_close|20251023_close|20251105_close|20251114_close|20251117_close|20251127_close|20251201_close|20251202_close|20251216_close|20251217_close|20251218_close,2025/12/17,close,9020647323,362999255.7,0.8,7327042405,168365161.8,0.714285714,"12/17 close [27525] (dis： -1031 , -3.61%) (vol_wei_pr ：71.43%)"
TAIEX-60-20251226,TAIEX,27517.24,-1038.78,-0.036376918,13,20251016_open|20251020_open|20251022_open|20251023_open|20251105_open|20251114_open|20251117_open|20251127_open|20251201_open|20251202_open|20251216_open|20251217_open|20251218_open,2025/11/27,open,7539156843,362999255.7,0.8,3769578422,168365161.8,0.714285714,"11/27 open [27517] (dis： -1039 , -3.64%) (vol_wei_pr ：71.43%)"
TAIEX-60-20251226,TAIEX,27513.09,-1042.93,-0.036522246,14,20251016_max|20251017_max|20251020_max|20251022_max|20251023_max|20251105_max|20251114_max|20251117_max|20251127_max|20251201_max|20251202_max|20251216_max|20251217_max|20251218_max,2025/10/17,max,8962849575,405533659.5,0.910204082,1698142448,176423924.4,0.791836735,"10/17 max [27513] (dis： -1043 , -3.65%) (vol_wei_pr ：79.18%)"
TAIEX-60-20251226,TAIEX,27507.16,-1048.86,-0.036729908,15,20251014_max|20251016_max|20251017_max|20251020_max|20251022_max|20251023_max|20251105_max|20251114_max|20251117_max|20251127_max|20251201_max|20251202_max|20251216_max|20251217_max|20251218_max,2025/10/14,max,12066540173,421771770.4,0.942857143,2060422455,179196663.5,0.795918367,"10/14 max [27507] (dis： -1049 , -3.67%) (vol_wei_pr ：79.59%)"
TAIEX-60-20251226,TAIEX,27493.63,-1062.39,-0.037203714,16,20251014_max|20251016_max|20251017_max|20251020_max|20251022_max|20251023_max|20251105_max|20251114_max|20251117_max|20251120_max|20251127_max|20251201_max|20251202_max|20251216_max|20251217_max|20251218_max,2025/11/20,max,8497528679,449130201.4,0.96122449,3572770702,190699466.8,0.875510204,"11/20 max [27494] (dis： -1062 , -3.72%) (vol_wei_pr ：87.55%)"
TAIEX-60-20251226,TAIEX,27490.89,-1065.13,-0.037299666,16,20251014_min|20251016_min|20251017_min|20251020_min|20251022_min|20251023_min|20251105_min|20251114_min|20251117_min|20251120_min|20251127_min|20251201_min|20251202_min|20251216_min|20251217_min|20251218_min,2025/10/22,min,7835590935,449130201.4,0.96122449,1647230082,190699466.8,0.875510204,"10/22 min [27491] (dis： -1065 , -3.73%) (vol_wei_pr ：87.55%)"
TAIEX-60-20251226,TAIEX,27480.44,-1075.58,-0.037665613,15,20251014_open|20251016_open|20251017_open|20251020_open|20251023_open|20251105_open|20251114_open|20251117_open|20251120_open|20251127_open|20251201_open|20251202_open|20251216_open|20251217_open|20251218_open,2025/10/20,open,8045886081,415778746,0.916326531,1578168568,183688187,0.818367347,"10/20 open [27480] (dis： -1076 , -3.77%) (vol_wei_pr ：81.84%)"
TAIEX-60-20251226,TAIEX,27477.1,-1078.92,-0.037782576,15,20251014_min|20251016_min|20251017_min|20251020_min|20251023_min|20251105_min|20251114_min|20251117_min|20251120_min|20251127_min|20251201_min|20251202_min|20251216_min|20251217_min|20251218_min,2025/12/2,min,7321099919,415778746,0.916326531,4061634486,183688187,0.818367347,"12/02 min [27477] (dis： -1079 , -3.78%) (vol_wei_pr ：81.84%)"
TAIEX-60-20251226,TAIEX,27469.6,-1086.42,-0.038045218,14,20251014_min|20251016_min|20251017_min|20251020_min|20251023_min|20251105_min|20251114_min|20251117_min|20251120_min|20251127_min|20251201_min|20251216_min|20251217_min|20251218_min,2025/12/17,min,9020647323,388130043.6,0.853061224,7327042405,168349108.9,0.697959184,"12/17 min [27470] (dis： -1086 , -3.80%) (vol_wei_pr ：69.80%)"
TAIEX-60-20251226,TAIEX,27468.53,-1087.49,-0.038082688,13,20251014_close|20251016_close|20251017_close|20251020_close|20251023_close|20251105_close|20251114_close|20251117_close|20251120_close|20251127_close|20251201_close|20251216_close|20251218_close,2025/12/18,close,8450315748,359133138.1,0.783673469,7105840220,144796302.9,0.575510204,"12/18 close [27469] (dis： -1087 , -3.81%) (vol_wei_pr ：57.55%)"
TAIEX-60-20251226,TAIEX,27463.12,-1092.9,-0.03827214,14,20251009_max|20251014_max|20251016_max|20251017_max|20251020_max|20251023_max|20251105_max|20251114_max|20251117_max|20251120_max|20251127_max|20251201_max|20251216_max|20251218_max,2025/10/9,max,9444331803,404095441.4,0.897959184,1504671683,151959700.6,0.604081633,"10/09 max [27463] (dis： -1093 , -3.83%) (vol_wei_pr ：60.41%)"
TAIEX-60-20251226,TAIEX,27457.07,-1098.95,-0.038484004,14,20251009_open|20251014_open|20251016_open|20251017_open|20251020_open|20251023_open|20251105_open|20251114_open|20251117_open|20251120_open|20251127_open|20251201_open|20251216_open|20251218_open,2025/10/23,open,7318554768,404095441.4,0.897959184,1592792994,151959700.6,0.604081633,"10/23 open [27457] (dis： -1099 , -3.85%) (vol_wei_pr ：60.41%)"
TAIEX-60-20251226,TAIEX,27447.45,-1108.57,-0.038820886,14,20251009_open|20251014_open|20251016_open|20251017_open|20251020_open|20251023_open|20251105_open|20251114_open|20251117_open|20251120_open|20251127_open|20251201_open|20251216_open|20251218_open,2025/12/18,open,8450315748,404095441.4,0.897959184,7105840220,151959700.6,0.604081633,"12/18 open [27447] (dis： -1109 , -3.88%) (vol_wei_pr ：60.41%)"
TAIEX-60-20251226,TAIEX,27447.31,-1108.71,-0.038825789,14,20251009_close|20251014_close|20251016_close|20251017_close|20251020_close|20251023_close|20251105_close|20251114_close|20251117_close|20251120_close|20251127_close|20251201_close|20251216_close|20251218_close,2025/11/17,close,8604107358,404095441.4,0.897959184,3260347016,151959700.6,0.604081633,"11/17 close [27447] (dis： -1109 , -3.88%) (vol_wei_pr ：60.41%)"
TAIEX-60-20251226,TAIEX,27447.31,-1108.71,-0.038825789,14,20251009_min|20251014_min|20251016_min|20251017_min|20251020_min|20251023_min|20251105_min|20251114_min|20251117_min|20251120_min|20251127_min|20251201_min|20251216_min|20251218_min,2025/11/17,min,8604107358,404095441.4,0.897959184,3260347016,151959700.6,0.604081633,"11/17 min [27447] (dis： -1109 , -3.88%) (vol_wei_pr ：60.41%)"
TAIEX-60-20251226,TAIEX,27436.59,-1119.43,-0.039201191,13,20251009_min|20251014_min|20251016_min|20251017_min|20251020_min|20251023_min|20251105_min|20251114_min|20251120_min|20251127_min|20251201_min|20251216_min|20251218_min,2025/11/27,min,7539156843,372973010.1,0.820408163,3769578422,140166504.4,0.53877551,"11/27 min [27437] (dis： -1119 , -3.92%) (vol_wei_pr ：53.88%)"
TAIEX-60-20251226,TAIEX,27426.36,-1129.66,-0.039559434,12,20251009_close|20251014_close|20251016_close|20251017_close|20251020_close|20251023_close|20251105_close|20251114_close|20251120_close|20251201_close|20251216_close|20251218_close,2025/11/20,close,8497528679,339084589.9,0.626530612,3572770702,123222294.3,0.410204082,"11/20 close [27426] (dis： -1130 , -3.96%) (vol_wei_pr ：41.02%)"
TAIEX-60-20251226,TAIEX,27412.45,-1143.57,-0.040046547,12,20251009_min|20251014_min|20251016_min|20251017_min|20251020_min|20251023_min|20251105_min|20251114_min|20251120_min|20251201_min|20251216_min|20251218_min,2025/10/20,min,8045886081,339084589.9,0.626530612,1578168568,123222294.3,0.410204082,"10/20 min [27412] (dis： -1144 , -4.00%) (vol_wei_pr ：41.02%)"
TAIEX-60-20251226,TAIEX,27409.54,-1146.48,-0.040148452,12,20251009_close|20251014_close|20251016_close|20251017_close|20251023_close|20251105_close|20251114_close|20251120_close|20251126_close|20251201_close|20251216_close|20251218_close,2025/11/26,close,7902773415,339288340.1,0.640816327,3816787970,129806389.3,0.465306122,"11/26 close [27410] (dis： -1146 , -4.01%) (vol_wei_pr ：46.53%)"
TAIEX-60-20251226,TAIEX,27409.54,-1146.48,-0.040148452,12,20251009_max|20251014_max|20251016_max|20251017_max|20251023_max|20251105_max|20251114_max|20251120_max|20251126_max|20251201_max|20251216_max|20251218_max,2025/11/26,max,7902773415,339288340.1,0.640816327,3816787970,129806389.3,0.465306122,"11/26 max [27410] (dis： -1146 , -4.01%) (vol_wei_pr ：46.53%)"
TAIEX-60-20251226,TAIEX,27399.91,-1156.11,-0.040485684,12,20251009_open|20251014_open|20251016_open|20251017_open|20251023_open|20251105_open|20251114_open|20251120_open|20251126_open|20251201_open|20251216_open|20251218_open,2025/10/17,open,8962849575,339288340.1,0.640816327,1698142448,129806389.3,0.465306122,"10/17 open [27400] (dis： -1156 , -4.05%) (vol_wei_pr ：46.53%)"
TAIEX-60-20251226,TAIEX,27397.5,-1158.52,-0.040570079,12,20251009_close|20251014_close|20251016_close|20251017_close|20251023_close|20251105_close|20251114_close|20251120_close|20251126_close|20251201_close|20251216_close|20251218_close,2025/11/14,close,9939352945,339288340.1,0.640816327,3638016118,129806389.3,0.465306122,"11/14 close [27398] (dis： -1159 , -4.06%) (vol_wei_pr ：46.53%)"
TAIEX-60-20251226,TAIEX,27383.34,-1172.68,-0.041065947,12,20251009_min|20251014_min|20251016_min|20251017_min|20251023_min|20251105_min|20251114_min|20251120_min|20251126_min|20251201_min|20251216_min|20251218_min,2025/11/14,min,9939352945,339288340.1,0.640816327,3638016118,129806389.3,0.465306122,"11/14 min [27383] (dis： -1173 , -4.11%) (vol_wei_pr ：46.53%)"
TAIEX-60-20251226,TAIEX,27373.05,-1182.97,-0.041426291,11,20251009_min|20251014_min|20251016_min|20251017_min|20251023_min|20251105_min|20251120_min|20251126_min|20251201_min|20251216_min|20251218_min,2025/11/5,min,8989778518,316339544.3,0.591836735,2581635949,121406638.4,0.404081633,"11/05 min [27373] (dis： -1183 , -4.14%) (vol_wei_pr ：40.41%)"
TAIEX-60-20251226,TAIEX,27371.67,-1184.35,-0.041474617,10,20251009_min|20251014_min|20251016_min|20251017_min|20251023_min|20251120_min|20251126_min|20251201_min|20251216_min|20251218_min,2025/10/23,min,7318554768,295238759.1,0.469387755,1592792994,115347029.1,0.4,"10/23 min [27372] (dis： -1184 , -4.15%) (vol_wei_pr ：40.00%)"
TAIEX-60-20251226,TAIEX,27355.67,-1200.35,-0.042034919,9,20251009_min|20251014_min|20251016_min|20251017_min|20251120_min|20251126_min|20251201_min|20251216_min|20251218_min,2025/12/16,min,9586999810,261227444.1,0.408163265,7521807597,107944886.8,0.379591837,"12/16 min [27356] (dis： -1200 , -4.20%) (vol_wei_pr ：37.96%)"
TAIEX-60-20251226,TAIEX,27350.77,-1205.25,-0.042206512,8,20251009_min|20251014_min|20251016_min|20251017_min|20251120_min|20251126_min|20251201_min|20251218_min,2025/12/18,min,8450315748,236325499.1,0.359183673,7105840220,88407216.7,0.318367347,"12/18 min [27351] (dis： -1205 , -4.22%) (vol_wei_pr ：31.84%)"
TAIEX-60-20251226,TAIEX,27342.53,-1213.49,-0.042495068,7,20251009_close|20251014_close|20251016_close|20251017_close|20251120_close|20251126_close|20251201_close,2025/12/1,close,7418235597,197681351.5,0.320408163,3975334026,55911491.54,0.291836735,"12/01 close [27343] (dis： -1213 , -4.25%) (vol_wei_pr ：29.18%)"
TAIEX-60-20251226,TAIEX,27342.53,-1213.49,-0.042495068,7,20251009_min|20251014_min|20251016_min|20251017_min|20251120_min|20251126_min|20251201_min,2025/12/1,min,7418235597,197681351.5,0.320408163,3975334026,55911491.54,0.291836735,"12/01 min [27343] (dis： -1213 , -4.25%) (vol_wei_pr ：29.18%)"
TAIEX-60-20251226,TAIEX,27337.32,-1218.7,-0.042677516,6,20251009_open|20251014_open|20251016_open|20251017_open|20251120_open|20251126_open,2025/10/16,open,9035460141,176757210.9,0.287755102,1653585994,44698522.19,0.197959184,"10/16 open [27337] (dis： -1219 , -4.27%) (vol_wei_pr ：19.80%)"
TAIEX-60-20251226,TAIEX,27337.32,-1218.7,-0.042677516,6,20251009_min|20251014_min|20251016_min|20251017_min|20251120_min|20251126_min,2025/10/16,min,9035460141,176757210.9,0.287755102,1653585994,44698522.19,0.197959184,"10/16 min [27337] (dis： -1219 , -4.27%) (vol_wei_pr ：19.80%)"
TAIEX-60-20251226,TAIEX,27310.4,-1245.62,-0.043620224,6,20251009_open|20251014_open|20251017_open|20251118_open|20251120_open|20251126_open,2025/11/18,open,10450443082,172763322.5,0.275510204,4099625729,47913406.28,0.255102041,"11/18 open [27310] (dis： -1246 , -4.36%) (vol_wei_pr ：25.51%)"
TAIEX-60-20251226,TAIEX,27310.4,-1245.62,-0.043620224,6,20251009_max|20251014_max|20251017_max|20251118_max|20251120_max|20251126_max,2025/11/18,max,10450443082,172763322.5,0.275510204,4099625729,47913406.28,0.255102041,"11/18 max [27310] (dis： -1246 , -4.36%) (vol_wei_pr ：25.51%)"
TAIEX-60-20251226,TAIEX,27302.37,-1253.65,-0.043901426,6,20251009_close|20251014_close|20251017_close|20251118_close|20251120_close|20251126_close,2025/10/17,close,8962849575,172763322.5,0.275510204,1698142448,47913406.28,0.255102041,"10/17 close [27302] (dis： -1254 , -4.39%) (vol_wei_pr ：25.51%)"
TAIEX-60-20251226,TAIEX,27302.37,-1253.65,-0.043901426,6,20251009_min|20251014_min|20251017_min|20251118_min|20251120_min|20251126_min,2025/10/17,min,8962849575,172763322.5,0.275510204,1698142448,47913406.28,0.255102041,"10/17 min [27302] (dis： -1254 , -4.39%) (vol_wei_pr ：25.51%)"
TAIEX-60-20251226,TAIEX,27301.92,-1254.1,-0.043917185,5,20251009_close|20251014_close|20251118_close|20251120_close|20251126_close,2025/10/9,close,9444331803,130228918.7,0.16122449,1504671683,39854643.71,0.132653061,"10/09 close [27302] (dis： -1254 , -4.39%) (vol_wei_pr ：13.27%)"
TAIEX-60-20251226,TAIEX,27301.61,-1254.41,-0.04392804,5,20251009_open|20251014_open|20251118_open|20251120_open|20251126_open,2025/10/9,open,9444331803,130228918.7,0.16122449,1504671683,39854643.71,0.132653061,"10/09 open [27302] (dis： -1254 , -4.39%) (vol_wei_pr ：13.27%)"
TAIEX-60-20251226,TAIEX,27301.42,-1254.6,-0.043934694,6,20251007_max|20251009_max|20251014_max|20251118_max|20251120_max|20251126_max,2025/10/7,max,9348656371,163107361.3,0.246938776,1389686084,44742053.44,0.206122449,"10/07 max [27301] (dis： -1255 , -4.39%) (vol_wei_pr ：20.61%)"
TAIEX-60-20251226,TAIEX,27282.1,-1273.92,-0.044611259,6,20251007_open|20251009_open|20251014_open|20251118_open|20251120_open|20251126_open,2025/10/14,open,12066540173,163107361.3,0.246938776,2060422455,44742053.44,0.206122449,"10/14 open [27282] (dis： -1274 , -4.46%) (vol_wei_pr ：20.61%)"
TAIEX-60-20251226,TAIEX,27275.71,-1280.31,-0.04483503,7,20251007_close|20251009_close|20251014_close|20251015_close|20251118_close|20251120_close|20251126_close,2025/10/15,close,8387861014,179797629.1,0.297959184,1482778351,47692503.84,0.240816327,"10/15 close [27276] (dis： -1280 , -4.48%) (vol_wei_pr ：24.08%)"
TAIEX-60-20251226,TAIEX,27275.71,-1280.31,-0.04483503,7,20251007_max|20251009_max|20251014_max|20251015_max|20251118_max|20251120_max|20251126_max,2025/10/15,max,8387861014,179797629.1,0.297959184,1482778351,47692503.84,0.240816327,"10/15 max [27276] (dis： -1280 , -4.48%) (vol_wei_pr ：24.08%)"
TAIEX-60-20251226,TAIEX,27253.07,-1302.95,-0.045627857,7,20251007_min|20251009_min|20251014_min|20251015_min|20251118_min|20251120_min|20251126_min,2025/10/9,min,9444331803,179797629.1,0.297959184,1504671683,47692503.84,0.240816327,"10/09 min [27253] (dis： -1303 , -4.56%) (vol_wei_pr ：24.08%)"
TAIEX-60-20251226,TAIEX,27212.91,-1343.11,-0.047034216,6,20251007_open|20251014_open|20251015_open|20251118_open|20251120_open|20251126_open,2025/11/20,open,8497528679,134835325.9,0.179591837,3572770702,40529106.16,0.142857143,"11/20 open [27213] (dis： -1343 , -4.70%) (vol_wei_pr ：14.29%)"
TAIEX-60-20251226,TAIEX,27211.95,-1344.07,-0.047067834,6,20251007_close|20251014_close|20251015_close|20251118_close|20251120_close|20251126_close,2025/10/7,close,9348656371,134835325.9,0.179591837,1389686084,40529106.16,0.142857143,"10/07 close [27212] (dis： -1344 , -4.71%) (vol_wei_pr ：14.29%)"
TAIEX-60-20251226,TAIEX,27183.03,-1372.99,-0.04808058,6,20251007_min|20251014_min|20251015_min|20251118_min|20251120_min|20251126_min,2025/11/20,min,8497528679,134835325.9,0.179591837,3572770702,40529106.16,0.142857143,"11/20 min [27183] (dis： -1373 , -4.81%) (vol_wei_pr ：14.29%)"
TAIEX-60-20251226,TAIEX,27118.02,-1438,-0.050357158,6,20251007_max|20251014_max|20251015_max|20251118_max|20251125_max|20251126_max,2025/11/25,max,6714625759,128181238.7,0.13877551,3132483679,38685220.81,0.126530612,"11/25 max [27118] (dis： -1438 , -5.04%) (vol_wei_pr ：12.65%)"
TAIEX-60-20251226,TAIEX,27110.43,-1445.59,-0.050622951,7,20251007_max|20251008_max|20251014_max|20251015_max|20251118_max|20251125_max|20251126_max,2025/10/8,max,8261189883,164664147.6,0.259183673,1271339722,44299686.99,0.185714286,"10/08 max [27110] (dis： -1446 , -5.06%) (vol_wei_pr ：18.57%)"
TAIEX-60-20251226,TAIEX,27063.68,-1492.34,-0.052260084,7,20251007_close|20251008_close|20251014_close|20251015_close|20251118_close|20251125_close|20251126_close,2025/10/8,close,8261189883,164664147.6,0.259183673,1271339722,44299686.99,0.185714286,"10/08 close [27064] (dis： -1492 , -5.23%) (vol_wei_pr ：18.57%)"
TAIEX-60-20251226,TAIEX,27063.17,-1492.85,-0.052277943,7,20251007_open|20251008_open|20251014_open|20251015_open|20251118_open|20251125_open|20251126_open,2025/11/26,open,7902773415,164664147.6,0.259183673,3816787970,44299686.99,0.185714286,"11/26 open [27063] (dis： -1493 , -5.23%) (vol_wei_pr ：18.57%)"
TAIEX-60-20251226,TAIEX,27063.17,-1492.85,-0.052277943,7,20251007_min|20251008_min|20251014_min|20251015_min|20251118_min|20251125_min|20251126_min,2025/11/26,min,7902773415,164664147.6,0.259183673,3816787970,44299686.99,0.185714286,"11/26 min [27063] (dis： -1493 , -5.23%) (vol_wei_pr ：18.57%)"
TAIEX-60-20251226,TAIEX,27029.28,-1526.74,-0.053464734,6,20251007_open|20251008_open|20251014_open|20251015_open|20251118_open|20251125_open,2025/10/7,open,9348656371,141848160.6,0.218367347,1389686084,33280291.63,0.104081633,"10/07 open [27029] (dis： -1527 , -5.35%) (vol_wei_pr ：10.41%)"
TAIEX-60-20251226,TAIEX,27017.08,-1538.94,-0.053891964,6,20251007_min|20251008_min|20251014_min|20251015_min|20251118_min|20251125_min,2025/10/7,min,9348656371,141848160.6,0.218367347,1389686084,33280291.63,0.104081633,"10/07 min [27017] (dis： -1539 , -5.39%) (vol_wei_pr ：10.41%)"
TAIEX-60-20251226,TAIEX,26999.82,-1556.2,-0.05449639,5,20251008_open|20251014_open|20251015_open|20251118_open|20251125_open,2025/10/8,open,8261189883,108969718,0.095918367,1271339722,28392881.9,0.075510204,"10/08 open [27000] (dis： -1556 , -5.45%) (vol_wei_pr ：7.55%)"
TAIEX-60-20251226,TAIEX,26995.9,-1560.12,-0.054633664,5,20251008_open|20251014_open|20251015_open|20251118_open|20251125_open,2025/11/25,open,6714625759,108969718,0.095918367,3132483679,28392881.9,0.075510204,"11/25 open [26996] (dis： -1560 , -5.46%) (vol_wei_pr ：7.55%)"
TAIEX-60-20251226,TAIEX,26965.72,-1590.3,-0.055690534,6,20251008_max|20251013_max|20251014_max|20251015_max|20251118_max|20251125_max,2025/10/13,max,10191083804,129546126.9,0.148979592,1680901962,31786723.69,0.091836735,"10/13 max [26966] (dis： -1590 , -5.57%) (vol_wei_pr ：9.18%)"
TAIEX-60-20251226,TAIEX,26923.42,-1632.6,-0.057171833,6,20251008_close|20251013_close|20251014_close|20251015_close|20251118_close|20251125_close,2025/10/13,close,10191083804,129546126.9,0.148979592,1680901962,31786723.69,0.091836735,"10/13 close [26923] (dis： -1633 , -5.72%) (vol_wei_pr ：9.18%)"
TAIEX-60-20251226,TAIEX,26912.17,-1643.85,-0.057565795,6,20251008_close|20251013_close|20251014_close|20251015_close|20251118_close|20251125_close,2025/11/25,close,6714625759,129546126.9,0.148979592,3132483679,31786723.69,0.091836735,"11/25 close [26912] (dis： -1644 , -5.76%) (vol_wei_pr ：9.18%)"
TAIEX-60-20251226,TAIEX,26911.05,-1644.97,-0.057605016,6,20251008_open|20251013_open|20251014_open|20251015_open|20251118_open|20251125_open,2025/10/15,open,8387861014,129546126.9,0.148979592,1482778351,31786723.69,0.091836735,"10/15 open [26911] (dis： -1645 , -5.76%) (vol_wei_pr ：9.18%)"
TAIEX-60-20251226,TAIEX,26902.97,-1653.05,-0.057887969,7,20251008_max|20251013_max|20251014_max|20251015_max|20251118_max|20251119_max|20251125_max,2025/11/19,max,8069342681,154540219.1,0.23877551,3277171465,41937479.35,0.169387755,"11/19 max [26903] (dis： -1653 , -5.79%) (vol_wei_pr ：16.94%)"
TAIEX-60-20251226,TAIEX,26883.99,-1672.03,-0.058552627,7,20251008_min|20251013_min|20251014_min|20251015_min|20251118_min|20251119_min|20251125_min,2025/10/8,min,8261189883,154540219.1,0.23877551,1271339722,41937479.35,0.169387755,"10/08 min [26884] (dis： -1672 , -5.86%) (vol_wei_pr ：16.94%)"
TAIEX-60-20251226,TAIEX,26821.97,-1734.05,-0.060724499,7,20251013_open|20251014_open|20251015_open|20251118_open|20251119_open|20251121_open|20251125_open,2025/11/21,open,8853582470,138840855.6,0.191836735,3853745603,45369576.71,0.220408163,"11/21 open [26822] (dis： -1734 , -6.07%) (vol_wei_pr ：22.04%)"
TAIEX-60-20251226,TAIEX,26821.97,-1734.05,-0.060724499,7,20251013_max|20251014_max|20251015_max|20251118_max|20251119_max|20251121_max|20251125_max,2025/11/21,max,8853582470,138840855.6,0.191836735,3853745603,45369576.71,0.220408163,"11/21 max [26822] (dis： -1734 , -6.07%) (vol_wei_pr ：22.04%)"
TAIEX-60-20251226,TAIEX,26793.71,-1762.31,-0.061714132,7,20251013_min|20251014_min|20251015_min|20251118_min|20251119_min|20251121_min|20251125_min,2025/11/25,min,6714625759,138840855.6,0.191836735,3132483679,45369576.71,0.220408163,"11/25 min [26794] (dis： -1762 , -6.17%) (vol_wei_pr ：22.04%)"
TAIEX-60-20251226,TAIEX,26793.15,-1762.87,-0.061733743,6,20251013_close|20251014_close|20251015_close|20251118_close|20251119_close|20251121_close,2025/10/14,close,12066540173,118136511.7,0.112244898,2060422455,35710658.76,0.112244898,"10/14 close [26793] (dis： -1763 , -6.17%) (vol_wei_pr ：11.22%)"
TAIEX-60-20251226,TAIEX,26773.15,-1782.87,-0.062434121,6,20251013_min|20251014_min|20251015_min|20251118_min|20251119_min|20251121_min,2025/10/15,min,8387861014,118136511.7,0.112244898,1482778351,35710658.76,0.112244898,"10/15 min [26773] (dis： -1783 , -6.24%) (vol_wei_pr ：11.22%)"
TAIEX-60-20251226,TAIEX,26764.13,-1791.89,-0.062749991,6,20251013_max|20251014_max|20251118_max|20251119_max|20251121_max|20251124_max,2025/11/24,max,9236525911,134223127.9,0.169387755,4162211625,47530299.3,0.230612245,"11/24 max [26764] (dis： -1792 , -6.27%) (vol_wei_pr ：23.06%)"
TAIEX-60-20251226,TAIEX,26764.06,-1791.96,-0.062752442,6,20251013_min|20251014_min|20251118_min|20251119_min|20251121_min|20251124_min,2025/10/14,min,12066540173,134223127.9,0.169387755,2060422455,47530299.3,0.230612245,"10/14 min [26764] (dis： -1792 , -6.28%) (vol_wei_pr ：23.06%)"
TAIEX-60-20251226,TAIEX,26762.6,-1793.42,-0.06280357,5,20251013_open|20251118_open|20251119_open|20251121_open|20251124_open,2025/10/13,open,10191083804,117985017,0.106122449,1680901962,44757560.16,0.212244898,"10/13 open [26763] (dis： -1793 , -6.28%) (vol_wei_pr ：21.22%)"
TAIEX-60-20251226,TAIEX,26761.06,-1794.96,-0.062857499,6,20251003_close|20251013_close|20251118_close|20251119_close|20251121_close|20251124_close,2025/10/3,close,7784825692,140162112.1,0.206122449,1117802058,47941909.24,0.271428571,"10/03 close [26761] (dis： -1795 , -6.29%) (vol_wei_pr ：27.14%)"
TAIEX-60-20251226,TAIEX,26761.06,-1794.96,-0.062857499,6,20251003_max|20251013_max|20251118_max|20251119_max|20251121_max|20251124_max,2025/10/3,max,7784825692,140162112.1,0.206122449,1117802058,47941909.24,0.271428571,"10/03 max [26761] (dis： -1795 , -6.29%) (vol_wei_pr ：27.14%)"
TAIEX-60-20251226,TAIEX,26756.12,-1799.9,-0.063030492,6,20251003_close|20251013_close|20251118_close|20251119_close|20251121_close|20251124_close,2025/11/18,close,10450443082,140162112.1,0.206122449,4099625729,47941909.24,0.271428571,"11/18 close [26756] (dis： -1800 , -6.30%) (vol_wei_pr ：27.14%)"
TAIEX-60-20251226,TAIEX,26756.12,-1799.9,-0.063030492,6,20251003_min|20251013_min|20251118_min|20251119_min|20251121_min|20251124_min,2025/11/18,min,10450443082,140162112.1,0.206122449,4099625729,47941909.24,0.271428571,"11/18 min [26756] (dis： -1800 , -6.30%) (vol_wei_pr ：27.14%)"
TAIEX-60-20251226,TAIEX,26708.28,-1847.74,-0.064705796,5,20251003_open|20251013_open|20251119_open|20251121_open|20251124_open,2025/11/19,open,8069342681,121308025.6,0.128571429,3277171465,40545601.01,0.157142857,"11/19 open [26708] (dis： -1848 , -6.47%) (vol_wei_pr ：15.71%)"
TAIEX-60-20251226,TAIEX,26596.03,-1959.99,-0.068636666,5,20251003_open|20251013_open|20251119_open|20251121_open|20251124_open,2025/11/24,open,9236525911,121308025.6,0.128571429,4162211625,40545601.01,0.157142857,"11/24 open [26596] (dis： -1960 , -6.86%) (vol_wei_pr ：15.71%)"
TAIEX-60-20251226,TAIEX,26580.12,-1975.9,-0.069193816,5,20251003_close|20251013_close|20251119_close|20251121_close|20251124_close,2025/11/19,close,8069342681,121308025.6,0.128571429,3277171465,40545601.01,0.157142857,"11/19 close [26580] (dis： -1976 , -6.92%) (vol_wei_pr ：15.71%)"
TAIEX-60-20251226,TAIEX,26580.12,-1975.9,-0.069193816,5,20251003_min|20251013_min|20251119_min|20251121_min|20251124_min,2025/11/19,min,8069342681,121308025.6,0.128571429,3277171465,40545601.01,0.157142857,"11/19 min [26580] (dis： -1976 , -6.92%) (vol_wei_pr ：15.71%)"
TAIEX-60-20251226,TAIEX,26504.24,-2051.78,-0.071851049,4,20251003_close|20251013_close|20251121_close|20251124_close,2025/11/24,close,9236525911,96313933.32,0.089795918,4162211625,30394845.35,0.081632653,"11/24 close [26504] (dis： -2052 , -7.19%) (vol_wei_pr ：8.16%)"
TAIEX-60-20251226,TAIEX,26489.79,-2066.23,-0.072357072,5,20251002_max|20251003_max|20251013_max|20251121_max|20251124_max,2025/10/2,max,8085314896,146992853.3,0.226530612,1121402323,37423818.16,0.120408163,"10/02 max [26490] (dis： -2066 , -7.24%) (vol_wei_pr ：12.04%)"
TAIEX-60-20251226,TAIEX,26482.33,-2073.69,-0.072618313,5,20251002_min|20251003_min|20251013_min|20251121_min|20251124_min,2025/11/24,min,9236525911,146992853.3,0.226530612,4162211625,37423818.16,0.120408163,"11/24 min [26482] (dis： -2074 , -7.26%) (vol_wei_pr ：12.04%)"
TAIEX-60-20251226,TAIEX,26470.44,-2085.58,-0.073034688,4,20251002_min|20251003_min|20251013_min|20251121_min,2025/10/13,min,10191083804,114215969.3,0.102040816,1680901962,22653727.23,0.069387755,"10/13 min [26470] (dis： -2086 , -7.30%) (vol_wei_pr ：6.94%)"
TAIEX-60-20251226,TAIEX,26435.1,-2120.92,-0.074272255,3,20251002_open|20251003_open|20251121_open,2025/10/3,open,7784825692,93639560.41,0.07755102,1117802058,19259885.44,0.06122449,"10/03 open [26435] (dis： -2121 , -7.43%) (vol_wei_pr ：6.12%)"
TAIEX-60-20251226,TAIEX,26434.94,-2121.08,-0.074277858,3,20251002_close|20251003_close|20251121_close,2025/11/21,close,8853582470,93639560.41,0.07755102,3853745603,19259885.44,0.06122449,"11/21 close [26435] (dis： -2121 , -7.43%) (vol_wei_pr ：6.12%)"
TAIEX-60-20251226,TAIEX,26410.03,-2145.99,-0.075150178,3,20251002_min|20251003_min|20251121_min,2025/10/3,min,7784825692,93639560.41,0.07755102,1117802058,19259885.44,0.06122449,"10/03 min [26410] (dis： -2146 , -7.52%) (vol_wei_pr ：6.12%)"
TAIEX-60-20251226,TAIEX,26395.98,-2160.04,-0.075642194,2,20251002_min|20251121_min,2025/11/21,min,8853582470,71462465.31,0.065306122,3853745603,16075536.35,0.053061224,"11/21 min [26396] (dis： -2160 , -7.56%) (vol_wei_pr ：5.31%)"
TAIEX-60-20251226,TAIEX,26392.31,-2163.71,-0.075770713,1,20251002_open,2025/10/2,open,8085314896,50678919.99,0.048979592,1121402323,7028972.813,0.044897959,"10/02 open [26392] (dis： -2164 , -7.58%) (vol_wei_pr ：4.49%)"
TAIEX-60-20251226,TAIEX,26378.39,-2177.63,-0.076258176,1,20251002_close,2025/10/2,close,8085314896,50678919.99,0.048979592,1121402323,7028972.813,0.044897959,"10/02 close [26378] (dis： -2178 , -7.63%) (vol_wei_pr ：4.49%)"
TAIEX-60-20251226,TAIEX,26330.25,-2225.77,-0.077943985,1,20251002_min,2025/10/2,min,8085314896,50678919.99,0.048979592,1121402323,7028972.813,0.044897959,"10/02 min [26330] (dis： -2226 , -7.79%) (vol_wei_pr ：4.49%)"
TAIEX-60-20251226,TAIEX,26325.79,-2230.23,-0.078100169,1,20251001_max,2025/10/1,max,7679791251,22397897.96,0.010204082,1028874558,3000684.081,0.010204082,"10/01 max [26326] (dis： -2230 , -7.81%) (vol_wei_pr ：1.02%)"
TAIEX-60-20251226,TAIEX,26078.29,-2477.73,-0.086767344,1,20251001_open,2025/10/1,open,7679791251,22397897.96,0.010204082,1028874558,3000684.081,0.010204082,"10/01 open [26078] (dis： -2478 , -8.68%) (vol_wei_pr ：1.02%)"
TAIEX-60-20251226,TAIEX,25982.91,-2573.11,-0.090107445,1,20251001_close,2025/10/1,close,7679791251,22397897.96,0.010204082,1028874558,3000684.081,0.010204082,"10/01 close [25983] (dis： -2573 , -9.01%) (vol_wei_pr ：1.02%)"
TAIEX-60-20251226,TAIEX,25982.91,-2573.11,-0.090107445,1,20251001_min,2025/10/1,min,7679791251,22397897.96,0.010204082,1028874558,3000684.081,0.010204082,"10/01 min [25983] (dis： -2573 , -9.01%) (vol_wei_pr ：1.02%)"
TAIEX-60-20251226,TAIEX,25975.84,-2580.18,-0.090355028,1,20250930_max,2025/9/30,max,6699602406,28205289.46,0.028571429,866982921.8,3649993.356,0.028571429,"09/30 max [25976] (dis： -2580 , -9.04%) (vol_wei_pr ：2.86%)"
TAIEX-60-20251226,TAIEX,25839.45625,-2716.56375,-0.095131035,1,20250930_120MA,2025/12/26,120MA,8057092373,28205289.46,0.028571429,8057092373,3649993.356,0.028571429,"12/26 120MA [25839] (dis： -2717 , -9.51%) (vol_wei_pr ：2.86%)"
TAIEX-60-20251226,TAIEX,25820.54,-2735.48,-0.095793461,1,20250930_close,2025/9/30,close,6699602406,28205289.46,0.028571429,866982921.8,3649993.356,0.028571429,"09/30 close [25821] (dis： -2735 , -9.58%) (vol_wei_pr ：2.86%)"
TAIEX-60-20251226,TAIEX,25738.31,-2817.71,-0.098673064,1,20250930_open,2025/9/30,open,6699602406,28205289.46,0.028571429,866982921.8,3649993.356,0.028571429,"09/30 open [25738] (dis： -2818 , -9.87%) (vol_wei_pr ：2.86%)"
TAIEX-60-20251226,TAIEX,25738.31,-2817.71,-0.098673064,1,20250930_min,2025/9/30,min,6699602406,28205289.46,0.028571429,866982921.8,3649993.356,0.028571429,"09/30 min [25738] (dis： -2818 , -9.87%) (vol_wei_pr ：2.86%)"
